{
  "r1": {
    "alpha": 0.3883913630952396,
    "beta": 0.14186777253818542,
    "sharpe_ratio": 1.9480255244712106,
    "sortino_ratio": 3.521106278371103,
    "annual_volatility": 0.22665350538307544,
    "annual_return_ratio": 0.5721010532465582,
    "skew": 1.68749805374497,
    "kurtosis": 15.850125132251815,
    "daily_winning_ratio": 0.5386872020535387,
    "max_drawdown": 0.14298527543164663
  },
  "fof": {
    "alpha": 0.2885249834746564,
    "beta": 0.09043693895712629,
    "sharpe_ratio": 1.7378420773971748,
    "sortino_ratio": 3.4111597279714956,
    "annual_volatility": 0.18745634668980474,
    "annual_return_ratio": 0.4117865322451144,
    "skew": 2.7981053884265443,
    "kurtosis": 28.576827900177953,
    "daily_winning_ratio": 0.5636230289695636,
    "max_drawdown": 0.12211466865227105
  },
  "base": {
    "alpha": 0.0,
    "beta": 0.9999999999999998,
    "sharpe_ratio": 1.0151174509159682,
    "sortino_ratio": 1.4940371201531588,
    "annual_volatility": 0.7862756143770312,
    "annual_return_ratio": 0.6830514897710684,
    "skew": -0.150485659481541,
    "kurtosis": 10.443653210484591,
    "daily_winning_ratio": 0.5306197286395307,
    "max_drawdown": 0.8371658779895128
  }
}