{
  "t3": {
    "alpha": 1.882997571445415,
    "beta": 0.4303535489356941,
    "sharpe_ratio": 2.12983192820989,
    "sortino_ratio": 3.94527773540451,
    "annual_volatility": 0.655000795473815,
    "annual_return_ratio": 2.4001575363344587,
    "skew": 2.04116825957939,
    "kurtosis": 16.040407138044145,
    "daily_winning_ratio": 0.5259668508287293,
    "max_drawdown": 0.39219560385280305
  },
  "fof": {
    "alpha": 1.733221128223923,
    "beta": 0.27117972437146987,
    "sharpe_ratio": 2.247991747210309,
    "sortino_ratio": 4.799537749405824,
    "annual_volatility": 0.5412034804631805,
    "annual_return_ratio": 2.043477516750571,
    "skew": 3.2691815265673094,
    "kurtosis": 27.486102097969727,
    "daily_winning_ratio": 0.7528545119705341,
    "max_drawdown": 0.273178840358109
  },
  "base": {
    "alpha": 0.0,
    "beta": 1.0,
    "sharpe_ratio": 1.0349271633430681,
    "sortino_ratio": 1.5222121430421163,
    "annual_volatility": 0.7847302563134183,
    "annual_return_ratio": 0.7086017446722135,
    "skew": -0.16292849003759058,
    "kurtosis": 10.582000022871965,
    "daily_winning_ratio": 0.5317109144542773,
    "max_drawdown": 0.8371658779895128
  }
}