{
  "t4": {
    "alpha": 2.3164472159932386,
    "beta": 0.5730600053454086,
    "sharpe_ratio": 2.2070473285576973,
    "sortino_ratio": 3.7927009325458267,
    "annual_volatility": 0.7636116599395286,
    "annual_return_ratio": 3.199596193504483,
    "skew": 1.0889786615696344,
    "kurtosis": 8.5397662418489,
    "daily_winning_ratio": 0.5438661710037175,
    "max_drawdown": 0.4817747151050461
  },
  "fof": {
    "alpha": 2.3388539188805364,
    "beta": 0.38381847745243386,
    "sharpe_ratio": 2.3890827116813904,
    "sortino_ratio": 4.55309562896442,
    "annual_volatility": 0.6412917501625497,
    "annual_return_ratio": 2.930000842555559,
    "skew": 1.998577006721681,
    "kurtosis": 15.565123640226668,
    "daily_winning_ratio": 0.7702602230483271,
    "max_drawdown": 0.32523421795588703
  },
  "base": {
    "alpha": 0.0,
    "beta": 1.0,
    "sharpe_ratio": 1.0823083998340077,
    "sortino_ratio": 1.5959911302024796,
    "annual_volatility": 0.7811032738558427,
    "annual_return_ratio": 0.7713850985043531,
    "skew": -0.16136114366041127,
    "kurtosis": 10.834789649906217,
    "daily_winning_ratio": 0.5323420074349442,
    "max_drawdown": 0.8371658779895128
  }
}