{
  "er3": {
    "alpha": 2.7961908032669016,
    "beta": 0.2082058020712479,
    "sharpe_ratio": 2.2749646463889204,
    "sortino_ratio": 4.995402361789543,
    "annual_volatility": 0.6874024157559318,
    "annual_return_ratio": 2.974316619440555,
    "skew": 3.945443840014043,
    "kurtosis": 38.08212029853961,
    "daily_winning_ratio": 0.5559440559440559,
    "max_drawdown": 0.4878175903469937
  },
  "fof": {
    "alpha": 1.822670936651385,
    "beta": 0.12811029474374958,
    "sharpe_ratio": 2.0083033966745742,
    "sortino_ratio": 4.56027008261284,
    "annual_volatility": 0.5870958966005968,
    "annual_return_ratio": 1.8721401898371726,
    "skew": 4.619019233932226,
    "kurtosis": 51.5437341834961,
    "daily_winning_ratio": 0.6828171828171828,
    "max_drawdown": 0.4299650182182726
  },
  "base": {
    "alpha": 0.0,
    "beta": 1.0,
    "sharpe_ratio": 1.353019951456492,
    "sortino_ratio": 2.015987155700427,
    "annual_volatility": 0.8071423701851045,
    "annual_return_ratio": 1.2179627441002077,
    "skew": -0.1818535796067921,
    "kurtosis": 11.003273210596827,
    "daily_winning_ratio": 0.547952047952048,
    "max_drawdown": 0.8371658779895128
  }
}