{
  "r1": {
    "alpha": 0.39432440269872693,
    "beta": 0.14151263247741674,
    "sharpe_ratio": 1.9739778455327486,
    "sortino_ratio": 3.5796691210346965,
    "annual_volatility": 0.22637226700817117,
    "annual_return_ratio": 0.5805907374631993,
    "skew": 1.7006238013408774,
    "kurtosis": 15.922353739989106,
    "daily_winning_ratio": 0.5390825688073394,
    "max_drawdown": 0.14298527543164663
  },
  "fof": {
    "alpha": 0.3346426653316985,
    "beta": 0.09921822610733529,
    "sharpe_ratio": 1.8954578059045781,
    "sortino_ratio": 3.8053687540698635,
    "annual_volatility": 0.19462907141026714,
    "annual_return_ratio": 0.4719921377221792,
    "skew": 2.719602350795788,
    "kurtosis": 25.257500173245745,
    "daily_winning_ratio": 0.5390825688073394,
    "max_drawdown": 0.12341772151898722
  },
  "base": {
    "alpha": 0.0,
    "beta": 0.9999999999999998,
    "sharpe_ratio": 1.0272386755749119,
    "sortino_ratio": 1.5125143188659853,
    "annual_volatility": 0.7862323243453657,
    "annual_return_ratio": 0.6991256256311409,
    "skew": -0.1512729354548347,
    "kurtosis": 10.455025715548835,
    "daily_winning_ratio": 0.5310091743119266,
    "max_drawdown": 0.8371658779895128
  }
}