{
  "t4": {
    "alpha": 2.3164472159932386,
    "beta": 0.5730600053454086,
    "sharpe_ratio": 2.2070473285576973,
    "sortino_ratio": 3.7927009325458267,
    "annual_volatility": 0.7636116599395286,
    "annual_return_ratio": 3.199596193504483,
    "skew": 1.0889786615696344,
    "kurtosis": 8.5397662418489,
    "daily_winning_ratio": 0.5438661710037175,
    "max_drawdown": 0.4817747151050461
  },
  "fof": {
    "alpha": 2.1194589443266505,
    "beta": 0.35712144113332195,
    "sharpe_ratio": 2.3121905716304525,
    "sortino_ratio": 4.429922247287617,
    "annual_volatility": 0.623366842892454,
    "annual_return_ratio": 2.630242341151467,
    "skew": 2.1423783798484033,
    "kurtosis": 17.436462562240216,
    "daily_winning_ratio": 0.8070631970260222,
    "max_drawdown": 0.3120538562204713
  },
  "base": {
    "alpha": 0.0,
    "beta": 1.0,
    "sharpe_ratio": 1.0823083998340077,
    "sortino_ratio": 1.5959911302024796,
    "annual_volatility": 0.7811032738558427,
    "annual_return_ratio": 0.7713850985043531,
    "skew": -0.16136114366041127,
    "kurtosis": 10.834789649906217,
    "daily_winning_ratio": 0.5323420074349442,
    "max_drawdown": 0.8371658779895128
  }
}