{
  "r3": {
    "alpha": 1.6924997892284854,
    "beta": 0.4408450192223249,
    "sharpe_ratio": 2.0009006835020986,
    "sortino_ratio": 3.634379753494582,
    "annual_volatility": 0.6686588879469731,
    "annual_return_ratio": 2.182452874710211,
    "skew": 1.9038384004213496,
    "kurtosis": 15.701617462466896,
    "daily_winning_ratio": 0.5324057121933358,
    "max_drawdown": 0.39380060521796023
  },
  "fof": {
    "alpha": 1.6798632782199818,
    "beta": 0.29119456540457866,
    "sharpe_ratio": 2.2172237267693817,
    "sortino_ratio": 4.681089744028863,
    "annual_volatility": 0.5483042947613838,
    "annual_return_ratio": 2.029451272437493,
    "skew": 3.2049492437582154,
    "kurtosis": 26.86316409849374,
    "daily_winning_ratio": 0.5331380446722812,
    "max_drawdown": 0.2850372376438728
  },
  "base": {
    "alpha": 0.0,
    "beta": 0.9999999999999998,
    "sharpe_ratio": 0.9977486452634965,
    "sortino_ratio": 1.46636133869101,
    "annual_volatility": 0.7868657412992718,
    "annual_return_ratio": 0.6603790193169876,
    "skew": -0.15493441053212686,
    "kurtosis": 10.404489091461716,
    "daily_winning_ratio": 0.5305748809959722,
    "max_drawdown": 0.8371658779895128
  }
}