{
  "t4": {
    "alpha": 2.0233715626459357,
    "beta": 0.4805054929953601,
    "sharpe_ratio": 2.141494195685064,
    "sortino_ratio": 3.860643433844675,
    "annual_volatility": 0.6970193764294393,
    "annual_return_ratio": 2.641012387192688,
    "skew": 1.6586688289016929,
    "kurtosis": 14.970347189261508,
    "daily_winning_ratio": 0.5276957163958641,
    "max_drawdown": 0.40056073907248235
  },
  "fof": {
    "alpha": 2.018723549094041,
    "beta": 0.30649270158415487,
    "sharpe_ratio": 2.3449642137595244,
    "sortino_ratio": 4.761867163791626,
    "annual_volatility": 0.5764840127127768,
    "annual_return_ratio": 2.4137883313210584,
    "skew": 2.6693823369872987,
    "kurtosis": 24.80503648581441,
    "daily_winning_ratio": 0.8245937961595273,
    "max_drawdown": 0.3304431048322476
  },
  "base": {
    "alpha": 0.0,
    "beta": 1.0,
    "sharpe_ratio": 1.0197347825604215,
    "sortino_ratio": 1.4992520991828748,
    "annual_volatility": 0.7849410785184202,
    "annual_return_ratio": 0.6884586610869894,
    "skew": -0.16149982476834446,
    "kurtosis": 10.586149372729846,
    "daily_winning_ratio": 0.5313884785819794,
    "max_drawdown": 0.8371658779895128
  }
}