{
  "t4": {
    "alpha": 2.3964396551323834,
    "beta": 0.4733977650959881,
    "sharpe_ratio": 2.293069542851497,
    "sortino_ratio": 4.264729146980115,
    "annual_volatility": 0.701785374941054,
    "annual_return_ratio": 3.0819240631835365,
    "skew": 1.8390272086426047,
    "kurtosis": 14.048055890328145,
    "daily_winning_ratio": 0.5261799410029498,
    "max_drawdown": 0.4005655042412818
  },
  "fof": {
    "alpha": 2.2115484184651426,
    "beta": 0.3054559598459505,
    "sharpe_ratio": 2.42710523810333,
    "sortino_ratio": 5.204105844561142,
    "annual_volatility": 0.5836963994205108,
    "annual_return_ratio": 2.6323603489678207,
    "skew": 3.0027629497856942,
    "kurtosis": 23.155074759320105,
    "daily_winning_ratio": 0.7492625368731564,
    "max_drawdown": 0.28231446297202323
  },
  "base": {
    "alpha": 0.0,
    "beta": 1.0,
    "sharpe_ratio": 1.0349271633430681,
    "sortino_ratio": 1.5222121430421163,
    "annual_volatility": 0.7847302563134183,
    "annual_return_ratio": 0.7086017446722135,
    "skew": -0.16292849003759058,
    "kurtosis": 10.582000022871965,
    "daily_winning_ratio": 0.5317109144542773,
    "max_drawdown": 0.8371658779895128
  }
}