{
  "r2": {
    "alpha": 0.9280902218909823,
    "beta": 0.2714387575031064,
    "sharpe_ratio": 2.1293273980251817,
    "sortino_ratio": 3.9702587017451387,
    "annual_volatility": 0.41238275252343903,
    "annual_return_ratio": 1.2956184362102294,
    "skew": 2.0124600302346294,
    "kurtosis": 14.784470833057043,
    "daily_winning_ratio": 0.5279001468428781,
    "max_drawdown": 0.25570615914038897
  },
  "fof": {
    "alpha": 0.8064694505121617,
    "beta": 0.17843284959765157,
    "sharpe_ratio": 2.1567043351095267,
    "sortino_ratio": 4.549810453751694,
    "annual_volatility": 0.3417784608237887,
    "annual_return_ratio": 1.0475405764340966,
    "skew": 3.232087307173175,
    "kurtosis": 27.147479792098594,
    "daily_winning_ratio": 0.5378120411160059,
    "max_drawdown": 0.17491910971663893
  },
  "base": {
    "alpha": 0.0,
    "beta": 0.9999999999999998,
    "sharpe_ratio": 1.0355088533874681,
    "sortino_ratio": 1.5250637203255086,
    "annual_volatility": 0.7861792615850757,
    "annual_return_ratio": 0.710166672362837,
    "skew": -0.15206034662586715,
    "kurtosis": 10.463185381466417,
    "daily_winning_ratio": 0.5312041116005873,
    "max_drawdown": 0.8371658779895128
  }
}