{
  "benchmark": {
    "alpha": 0.0,
    "annual_return_ratio": 0.7089393476520793,
    "annual_volatility": 0.7848745639764326,
    "beta": 1.0,
    "daily_winning_ratio": 0.5300627074880118,
    "kurtosis": 10.577044301946984,
    "sharpe_ratio": 1.035135687819893,
    "skew": -0.16296139590685166,
    "sortino_ratio": 1.52251805247884
  },
  "strategy": {
    "alpha": 2.254736836512299,
    "annual_return_ratio": 2.9353394464679163,
    "annual_volatility": 0.6814112333768642,
    "beta": 0.4633632837123407,
    "daily_winning_ratio": 0.5260051641460716,
    "kurtosis": 14.272538305967535,
    "sharpe_ratio": 2.287137981711383,
    "skew": 1.969797233872141,
    "sortino_ratio": 4.296308784420466
  }
}