{
  "t4": {
    "alpha": 3.259402634203825,
    "beta": 0.6895422883144975,
    "sharpe_ratio": 2.247582662920091,
    "sortino_ratio": 3.868057107198943,
    "annual_volatility": 0.9121045015545471,
    "annual_return_ratio": 4.357797710734539,
    "skew": 1.0413112136096285,
    "kurtosis": 7.644220343621841,
    "daily_winning_ratio": 0.5444733903982136,
    "max_drawdown": 0.5676155490140653
  },
  "fof": {
    "alpha": 2.7831720336873325,
    "beta": 0.4320917722294135,
    "sharpe_ratio": 2.437282931562003,
    "sortino_ratio": 4.593026590194416,
    "annual_volatility": 0.7006704590085207,
    "annual_return_ratio": 3.505191559811087,
    "skew": 1.7905126391069237,
    "kurtosis": 13.478700385686658,
    "daily_winning_ratio": 0.7052474879047265,
    "max_drawdown": 0.3460400943966462
  },
  "base": {
    "alpha": 0.0,
    "beta": 1.0,
    "sharpe_ratio": 1.1120609490565836,
    "sortino_ratio": 1.6435959162214713,
    "annual_volatility": 0.7798782912427316,
    "annual_return_ratio": 0.812388315409424,
    "skew": -0.15410171863116345,
    "kurtosis": 10.898953692194446,
    "daily_winning_ratio": 0.5325641979903237,
    "max_drawdown": 0.8371658779895128
  }
}