{
  "counts": {
    "total": 2096,
    "r3-0.0": 7,
    "er3-0.0": 7,
    "cash-1.0": 7,
    "switch": 448,
    "cash-0.7": 1322,
    "r3-0.2": 1322,
    "er3-0.1": 1372,
    "cash-0.25": 574,
    "r3-0.15": 282,
    "er3-0.6": 282,
    "r3-0.6": 224,
    "er3-0.15": 224,
    "r3-0.5513895015438905": 1,
    "er3-0.19861049845610942": 1,
    "r3-0.5679559266200943": 1,
    "er3-0.18204407337990566": 1,
    "cash-0.0": 193,
    "r3-0.7027406886858749": 1,
    "er3-0.2972593113141251": 1,
    "r3-0.7644091117566121": 1,
    "er3-0.23559088824338795": 1,
    "r3-0.7960515841426524": 1,
    "er3-0.2039484158573476": 1,
    "r3-0.8314625426124552": 1,
    "er3-0.1685374573875448": 1,
    "r3-0.5914360066240832": 1,
    "er3-0.15856399337591673": 1,
    "r3-0.5778676683039584": 1,
    "er3-0.4221323316960416": 1,
    "r3-0.5650994575045207": 1,
    "er3-0.43490054249547927": 1,
    "r3-0.5503577325261421": 1,
    "er3-0.44964226747385794": 1,
    "r3-0.5594405594405594": 1,
    "er3-0.44055944055944063": 1,
    "r3-0.5467468562055768": 1,
    "er3-0.45325314379442316": 1,
    "r3-0.5324246619103397": 1,
    "er3-0.46757533808966034": 1,
    "r3-0.5264543300868649": 1,
    "er3-0.22354566991313504": 1,
    "r3-0.5074854097944684": 1,
    "er3-0.24251459020553154": 1,
    "r3-0.49930097862991807": 1,
    "er3-0.25069902137008193": 1,
    "r3-0.5054589567327133": 1,
    "er3-0.49454104326728665": 1,
    "r3-0.5609783462358353": 1,
    "er3-0.18902165376416466": 1,
    "r3-0.9": 50,
    "r3-0.1": 65,
    "er3-0.9": 65,
    "r3-0.5592841163310962": 1,
    "er3-0.19071588366890377": 1,
    "r3-0.572737686139748": 1,
    "er3-0.177262313860252": 1,
    "r3-0.590249085113918": 1,
    "er3-0.15975091488608192": 1,
    "r3-0.5614192679092747": 1,
    "er3-0.18858073209072532": 1,
    "r3-0.5590652429138481": 1,
    "er3-0.1909347570861519": 1,
    "r3-0.5691519635742743": 1,
    "er3-0.18084803642572564": 1,
    "r3-0.5427702996092054": 1,
    "er3-0.20722970039079455": 1,
    "r3-0.5268148772521336": 1,
    "er3-0.22318512274786637": 1,
    "r3-0.516422226812642": 1,
    "er3-0.23357777318735792": 1,
    "r3-0.5194805194805194": 1,
    "er3-0.23051948051948054": 1,
    "r3-0.5278716216216216": 1,
    "er3-0.22212837837837837": 1,
    "r3-0.5111429155591903": 1,
    "er3-0.23885708444080964": 1,
    "r3-0.49287791414066734": 1,
    "er3-0.2571220858593326": 1,
    "r3-0.5086987486010784": 1,
    "er3-0.24130125139892153": 1,
    "r3-0.5382710733125202": 1,
    "er3-0.21172892668747975": 1,
    "r3-0.559753708368318": 1,
    "er3-0.19024629163168202": 1,
    "r3-0.5866478939340608": 1,
    "er3-0.16335210606593917": 1,
    "r3-0.5599104143337066": 1,
    "er3-0.1900895856662934": 1,
    "r3-0.5530361685654241": 1,
    "er3-0.19696383143457583": 1,
    "r3-0.5487871803314675": 1,
    "er3-0.20121281966853252": 1,
    "r3-0.5365958360163126": 1,
    "er3-0.21340416398368742": 1,
    "r3-0.5304758368256326": 1,
    "er3-0.21952416317436738": 1,
    "r3-0.5057401507105649": 1,
    "er3-0.2442598492894351": 1,
    "r3-0.4994506043352312": 1,
    "er3-0.25054939566476875": 1,
    "r3-0.500175061271445": 1,
    "er3-0.24982493872855502": 1,
    "r3-0.5119803399549457": 1,
    "er3-0.23801966004505423": 1,
    "r3-0.5654189754608164": 1,
    "er3-0.18458102453918354": 1,
    "r3-0.5647803004631199": 1,
    "er3-0.18521969953688008": 1,
    "r3-0.5511767623876977": 1,
    "er3-0.19882323761230222": 1,
    "r3-0.55561729081009": 1,
    "er3-0.44438270918990996": 1,
    "r3-0.5392289026691831": 1,
    "er3-0.4607710973308169": 1,
    "r3-0.5137954066690644": 1,
    "er3-0.4862045933309356": 1,
    "r3-0.5119541289100497": 1,
    "er3-0.48804587108995034": 1,
    "r3-0.36004095737872777": 1,
    "er3-0.6399590426212722": 1,
    "r3-0.3744135126681264": 1,
    "er3-0.6255864873318736": 1,
    "r3-0.35942604573698034": 1,
    "er3-0.6405739542630197": 1,
    "r3-0.3494665625813166": 1,
    "er3-0.6505334374186834": 1,
    "r3-0.7314218841427735": 1,
    "er3-0.26857811585722646": 1,
    "r3-0.7111363959607453": 1,
    "er3-0.2888636040392547": 1,
    "r3-0.6823144104803494": 1,
    "er3-0.31768558951965065": 1,
    "r3-0.6671559143371807": 1,
    "er3-0.3328440856628193": 1,
    "r3-0.6446621970087675": 1,
    "er3-0.3553378029912325": 1,
    "r3-0.6382028208564682": 1,
    "er3-0.3617971791435318": 1,
    "r3-0.5699304684828451": 1,
    "er3-0.4300695315171549": 1,
    "r3-0.5904581955597543": 1,
    "er3-0.15954180444024565": 1,
    "r3-0.5862008324051821": 1,
    "er3-0.1637991675948179": 1,
    "r3-0.5686341407938132": 1,
    "er3-0.18136585920618672": 1,
    "r3-0.5923468783319512": 1,
    "er3-0.15765312166804876": 1,
    "r3-0.5868200222991609": 1,
    "er3-0.1631799777008391": 1,
    "r3-0.580046403712297": 1,
    "er3-0.16995359628770298": 1,
    "r3-0.556823876607829": 1,
    "er3-0.19317612339217102": 1,
    "r3-0.5477951246233909": 1,
    "er3-0.2022048753766091": 1,
    "r3-0.5203184348821479": 1,
    "er3-0.4796815651178521": 1,
    "r3-0.5187798298402159": 1,
    "er3-0.48122017015978413": 1,
    "r3-0.5327650506126798": 1,
    "er3-0.46723494938732024": 1,
    "r3-0.5457025920873124": 1,
    "er3-0.4542974079126876": 1,
    "r3-0.5502366017387477": 1,
    "er3-0.44976339826125233": 1,
    "r3-0.5428292259255239": 1,
    "er3-0.45717077407447615": 1,
    "r3-0.5264266161297115": 1,
    "er3-0.22357338387028844": 1,
    "r3-0.5171433004085432": 1,
    "er3-0.2328566995914568": 1,
    "r3-0.21881103038825092": 1,
    "er3-0.7811889696117491": 1,
    "r3-0.24242424242424246": 1,
    "er3-0.7575757575757576": 1,
    "r3-0.24930560768711066": 1,
    "er3-0.7506943923128894": 1,
    "r3-0.8033419023136248": 1,
    "er3-0.19665809768637524": 1,
    "r3-0.7711884013264441": 1,
    "er3-0.22881159867355597": 1,
    "r3-0.7454897867899211": 1,
    "er3-0.25451021321007894": 1,
    "r3-0.6089021494245874": 1,
    "er3-0.3910978505754126": 1,
    "r3-0.5963384817222255": 1,
    "er3-0.4036615182777745": 1,
    "r3-0.5739210284664831": 1,
    "er3-0.1760789715335169": 1,
    "r3-0.5682786838665681": 1,
    "er3-0.4317213161334319": 1,
    "r3-0.5526388505111909": 1,
    "er3-0.4473611494888091": 1,
    "r3-0.5500852632157984": 1,
    "er3-0.4499147367842016": 1,
    "r3-0.5430060816681147": 2,
    "er3-0.4569939183318853": 1,
    "r3-0.5194535348813049": 1,
    "er3-0.48054646511869514": 1,
    "r3-0.5182421227197347": 1,
    "er3-0.4817578772802653": 1,
    "r3-0.5704181164793793": 1,
    "er3-0.17958188352062063": 1,
    "r3-0.5682141030740383": 1,
    "er3-0.18178589692596167": 1,
    "r3-0.5645571049511657": 1,
    "er3-0.18544289504883424": 1,
    "r3-0.5989458552946814": 1,
    "er3-0.1510541447053186": 1,
    "r3-0.5672149744753262": 1,
    "er3-0.18278502552467377": 1,
    "r3-0.19419822723610006": 1,
    "er3-0.8058017727639": 1,
    "r3-0.5637932006540001": 1,
    "er3-0.1862067993459999": 1,
    "r3-0.5760368663594471": 1,
    "er3-0.1739631336405529": 1,
    "r3-0.5765682656826568": 1,
    "er3-0.17343173431734313": 1,
    "r3-0.5663476241717166": 1,
    "er3-0.1836523758282834": 1,
    "r3-0.5582849486377848": 1,
    "er3-0.1917150513622152": 1,
    "r3-0.5690547999772377": 1,
    "er3-0.18094520002276224": 1,
    "r3-0.18633034987794964": 1,
    "er3-0.8136696501220504": 1,
    "r3-0.21228830248129196": 1,
    "er3-0.7877116975187081": 1,
    "r3-0.24573842208477906": 1,
    "er3-0.754261577915221": 1,
    "r3-0.273202994403663": 1,
    "er3-0.726797005596337": 1,
    "r3-0.28556119168393224": 1,
    "er3-0.7144388083160678": 1,
    "r3-0.3014320642682501": 1,
    "er3-0.6985679357317499": 1,
    "r3-0.2955265938710814": 1,
    "er3-0.7044734061289186": 1,
    "r3-0.34240810153218915": 1,
    "er3-0.6575918984678109": 1,
    "r3-0.3603275123136953": 1,
    "er3-0.6396724876863047": 1,
    "r3-0.37075257991442234": 1,
    "er3-0.6292474200855777": 1,
    "r3-0.39577039274924475": 1,
    "er3-0.6042296072507553": 1,
    "r3-0.17817932296431835": 1,