{
  "t4": {
    "alpha": 1.7995000029576533,
    "beta": 0.5780622075374966,
    "sharpe_ratio": 1.9004558757811298,
    "sortino_ratio": 3.4166714477970457,
    "annual_volatility": 0.763214435581073,
    "annual_return_ratio": 2.3368689731511747,
    "skew": 1.6096181059533683,
    "kurtosis": 9.800396759559787,
    "daily_winning_ratio": 0.5277324632952691,
    "max_drawdown": 0.4818400836401655
  },
  "t41": {
    "alpha": 1.651985510360237,
    "beta": 0.2453752938773198,
    "sharpe_ratio": 2.138906909742158,
    "sortino_ratio": 4.224403359866635,
    "annual_volatility": 0.5398588689052235,
    "annual_return_ratio": 1.8593475614947046,
    "skew": 2.638829933126415,
    "kurtosis": 20.396987424244365,
    "daily_winning_ratio": 0.5212071778140294,
    "max_drawdown": 0.2457115878927767
  },
  "fof": {
    "alpha": 1.7052395248682837,
    "beta": 0.3754835051148691,
    "sharpe_ratio": 1.90364693787762,
    "sortino_ratio": 3.6840945950947175,
    "annual_volatility": 0.6666555893947127,
    "annual_return_ratio": 1.984330139651207,
    "skew": 2.5687673924394963,
    "kurtosis": 19.079674947589268,
    "daily_winning_ratio": 0.7373572593800979,
    "max_drawdown": 0.4040259353881436
  },
  "base": {
    "alpha": 0.0,
    "beta": 1.0000000000000002,
    "sharpe_ratio": 0.9024204360889144,
    "sortino_ratio": 1.3038777382475917,
    "annual_volatility": 0.8042889105244069,
    "annual_return_ratio": 0.5332902194610187,
    "skew": -0.6274009533073036,
    "kurtosis": 14.164341765194253,
    "daily_winning_ratio": 0.531810766721044,
    "max_drawdown": 0.8150493898895991
  }
}