{
  "t1": {
    "alpha": 0.5527741359815139,
    "beta": 0.18158720159139816,
    "sharpe_ratio": 2.101138090973877,
    "sortino_ratio": 3.9212372030074696,
    "annual_volatility": 0.2797447960164461,
    "annual_return_ratio": 0.7958403217423009,
    "skew": 2.0430352313978957,
    "kurtosis": 15.127072325494245,
    "daily_winning_ratio": 0.5313421828908554,
    "max_drawdown": 0.17776749922910884
  },
  "fof": {
    "alpha": 0.44033759756313584,
    "beta": 0.11425422437940866,
    "sharpe_ratio": 1.9588294639657267,
    "sortino_ratio": 4.136631406722812,
    "annual_volatility": 0.23373665145335343,
    "annual_return_ratio": 0.5959391457094108,
    "skew": 3.331257196410232,
    "kurtosis": 28.185681028764435,
    "daily_winning_ratio": 0.7868731563421829,
    "max_drawdown": 0.12410603647817386
  },
  "base": {
    "alpha": 0.0,
    "beta": 1.0,
    "sharpe_ratio": 1.0349271633430681,
    "sortino_ratio": 1.5222121430421163,
    "annual_volatility": 0.7847302563134183,
    "annual_return_ratio": 0.7086017446722135,
    "skew": -0.16292849003759058,
    "kurtosis": 10.582000022871965,
    "daily_winning_ratio": 0.5317109144542773,
    "max_drawdown": 0.8371658779895128
  }
}