{
  "t4": {
    "alpha": 1.2955678594360585,
    "beta": 0.42903049664069576,
    "sharpe_ratio": 2.1916902532858797,
    "sortino_ratio": 4.052980750015261,
    "annual_volatility": 0.5451179767329386,
    "annual_return_ratio": 1.9632047098701122,
    "skew": 2.0520968252182024,
    "kurtosis": 17.798107061998323,
    "daily_winning_ratio": 0.5403195837978446,
    "max_drawdown": 0.37763133260942827
  },
  "fof": {
    "alpha": 1.189101630353738,
    "beta": 0.26554488243208696,
    "sharpe_ratio": 2.2271102533310074,
    "sortino_ratio": 4.607570077806197,
    "annual_volatility": 0.45300253249865696,
    "annual_return_ratio": 1.576338407761892,
    "skew": 3.3708067217889304,
    "kurtosis": 35.35194861395892,
    "daily_winning_ratio": 0.8361204013377926,
    "max_drawdown": 0.25531022806914105
  },
  "base": {
    "alpha": 0.0,
    "beta": 1.0000000000000002,
    "sharpe_ratio": 1.0828160180622612,
    "sortino_ratio": 1.5967401166056199,
    "annual_volatility": 0.78095834479152,
    "annual_return_ratio": 0.7720116346509969,
    "skew": -0.1614391084903301,
    "kurtosis": 10.839916791501942,
    "daily_winning_ratio": 0.5325157933853586,
    "max_drawdown": 0.8371658779895128
  }
}