{
  "t4": {
    "alpha": 3.259402634203825,
    "beta": 0.6895422883144975,
    "sharpe_ratio": 2.247582662920091,
    "sortino_ratio": 3.868057107198943,
    "annual_volatility": 0.9121045015545471,
    "annual_return_ratio": 4.357797710734539,
    "skew": 1.0413112136096285,
    "kurtosis": 7.644220343621841,
    "daily_winning_ratio": 0.5444733903982136,
    "max_drawdown": 0.5676155490140653
  },
  "fof": {
    "alpha": 2.6963522268115456,
    "beta": 0.43637635240299233,
    "sharpe_ratio": 2.3920018118303235,
    "sortino_ratio": 4.477490575153724,
    "annual_volatility": 0.7057468025536722,
    "annual_return_ratio": 3.4023849519637155,
    "skew": 1.74882631239125,
    "kurtosis": 13.087336058804361,
    "daily_winning_ratio": 0.682917752139933,
    "max_drawdown": 0.33648606934607983
  },
  "base": {
    "alpha": 0.0,
    "beta": 1.0,
    "sharpe_ratio": 1.1120609490565836,
    "sortino_ratio": 1.6435959162214713,
    "annual_volatility": 0.7798782912427316,
    "annual_return_ratio": 0.812388315409424,
    "skew": -0.15410171863116345,
    "kurtosis": 10.898953692194446,
    "daily_winning_ratio": 0.5325641979903237,
    "max_drawdown": 0.8371658779895128
  }
}