{
  "t4": {
    "alpha": 2.457405024936211,
    "beta": 0.5666234386938439,
    "sharpe_ratio": 2.2262199892539543,
    "sortino_ratio": 3.8280221961902874,
    "annual_volatility": 0.7630945528404118,
    "annual_return_ratio": 3.258010445524712,
    "skew": 1.0873219228827695,
    "kurtosis": 8.539643899255768,
    "daily_winning_ratio": 0.5443084909158324,
    "max_drawdown": 0.4817747151050461
  },
  "fof": {
    "alpha": 2.1931957354913543,
    "beta": 0.3528600099238535,
    "sharpe_ratio": 2.3224229006150905,
    "sortino_ratio": 4.452961445183728,
    "annual_volatility": 0.6230379970373489,
    "annual_return_ratio": 2.651317925016737,
    "skew": 2.141823050549873,
    "kurtosis": 17.428463849330765,
    "daily_winning_ratio": 0.8075639599555061,
    "max_drawdown": 0.3120538562204713
  },
  "base": {
    "alpha": 0.0,
    "beta": 0.9999999999999998,
    "sharpe_ratio": 1.0287096832242542,
    "sortino_ratio": 1.51169762828579,
    "annual_volatility": 0.7826292828632515,
    "annual_return_ratio": 0.699295560956376,
    "skew": -0.17079165251310569,
    "kurtosis": 10.750049654464465,
    "daily_winning_ratio": 0.5317018909899889,
    "max_drawdown": 0.8371658779895128
  }
}