{
  "benchmark": {
    "alpha": 0.0,
    "annual_return_ratio": 0.7129212748307718,
    "annual_volatility": 0.7864566810727215,
    "beta": 1.0,
    "daily_winning_ratio": 0.529757531227039,
    "kurtosis": 10.45417025315469,
    "sharpe_ratio": 1.0374763907730666,
    "skew": -0.15237004607560017,
    "sortino_ratio": 1.5279692787670949
  },
  "strategy": {
    "alpha": 1.8942173514201266,
    "annual_return_ratio": 2.479230187302742,
    "annual_volatility": 0.6611935514026863,
    "beta": 0.4383392091734179,
    "daily_winning_ratio": 0.5249816311535636,
    "kurtosis": 15.636319534719435,
    "sharpe_ratio": 2.1505314394277337,
    "skew": 2.037917150711207,
    "sortino_ratio": 3.999481835704782
  }
}