{
  "benchmark": {
    "alpha": 0.0,
    "annual_return_ratio": 1.786778000033165,
    "annual_volatility": 0.8745699992253309,
    "beta": 1.0,
    "daily_winning_ratio": 0.5452559300873908,
    "kurtosis": 16.722021430203995,
    "sharpe_ratio": 1.580217930094101,
    "skew": -0.17248961362522758,
    "sortino_ratio": 2.370993869550785
  },
  "strategy": {
    "alpha": 4.28762363037263,
    "annual_return_ratio": 8.451856290998942,
    "annual_volatility": 0.91809371976389,
    "beta": 0.6945345496704192,
    "daily_winning_ratio": 0.552434456928839,
    "kurtosis": 18.69524091785879,
    "sharpe_ratio": 2.863573105595584,
    "skew": 1.2417704964187717,
    "sortino_ratio": 5.218500407090481
  }
}