{
  "closes": {
    "macd_down_cross": [
      1492300800000,
      1495756800000,
      1503100800000,
      1504915200000,
      1508371200000,
      1512518400000,
      1515715200000,
      1520726400000,
      1525737600000,
      1528848000000,
      1533600000000,
      1536451200000,
      1538870400000,
      1542326400000,
      1547164800000,
      1551744000000,
      1552089600000,
      1553299200000,
      1555200000000,
      1559692800000,
      1561680000000,
      1565827200000,
      1569456000000,
      1572652800000,
      1573171200000,
      1576627200000,
      1580169600000,
      1582156800000,
      1589155200000,
      1591920000000,
      1597363200000,
      1600732800000,
      1603065600000,
      1604016000000,
      1607385600000,
      1613952000000
    ],
    "macd_up_cross": [
      1493510400000,
      1500854400000,
      1503360000000,
      1506643200000,
      1510185600000,
      1513123200000,
      1518480000000,
      1522972800000,
      1528070400000,
      1530576000000,
      1534723200000,
      1537142400000,
      1541462400000,
      1545091200000,
      1549670400000,
      1551830400000,
      1552780800000,
      1554163200000,
      1557619200000,
      1561161600000,
      1564185600000,
      1566604800000,
      1570492800000,
      1573084800000,
      1575676800000,
      1577491200000,
      1580256000000,
      1585094400000,
      1591056000000,
      1594080000000,
      1600560000000,
      1601164800000,
      1603324800000,
      1604707200000,
      1610150400000
    ],
    "stop_profit": [
      1491177600000,
      1493942400000,
      1494201600000,
      1494892800000,
      1499472000000,
      1503446400000,
      1513296000000,
      1514419200000,
      1514592000000,
      1522195200000,
      1523577600000,
      1537488000000,
      1545696000000,
      1578355200000,
      1581638400000,
      1586217600000,
      1596240000000,
      1606003200000,
      1612051200000,
      1613260800000
    ]
  },
  "closes_count": {
    "daily_end": 1430,
    "daily_end_win": 699,
    "macd_down_cross": 36,
    "macd_down_cross_win": 8,
    "macd_up_cross": 35,
    "macd_up_cross_win": 8,
    "month_end": 47,
    "month_end_win": 19,
    "stop_profit": 20,
    "stop_profit_win": 20
  },
  "coin_retracement": 0.7654540580188857,
  "coin_retracement_at": 1515801600000,
  "current_margin": 67903501.6304011,
  "current_margin_value": 28343600.615545724,
  "dollar_retracement": 0.7851072485548366,
  "dollar_retracement_at": 1577059200000,
  "nm_statistic": {
    "btc_daily_return": {
      "max": 1.8,
      "mean": 0.01,
      "median": -0.0,
      "min": -0.48,
      "std": 0.09
    },
    "btc_max_month_retracement": {
      "max": 0.68,
      "mean": 0.27,
      "median": 0.23,
      "min": 0.05,
      "std": 0.14
    },
    "btc_month_return": {
      "max": 7.39,
      "mean": 0.3,
      "median": -0.04,
      "min": -0.67,
      "std": 1.26
    },
    "coin_daily_return": {
      "max": 0.7,
      "mean": 0.0,
      "median": 0.0,
      "min": -0.31,
      "std": 0.05
    },
    "coin_max_month_retracement": {
      "max": 0.47,
      "mean": 0.2,
      "median": 0.17,
      "min": 0.03,
      "std": 0.12
    },
    "coin_month_return": {
      "max": 1.86,
      "mean": 0.05,
      "median": -0.0,
      "min": -0.46,
      "std": 0.35
    },
    "fiat_daily_return": {
      "max": 1.83,
      "mean": 0.0,
      "median": -0.0,
      "min": -0.3,
      "std": 0.07
    },
    "fiat_max_month_retracement": {
      "max": 0.43,
      "mean": 0.14,
      "median": 0.12,
      "min": 0.03,
      "std": 0.08
    },
    "fiat_month_return": {
      "max": 4.55,
      "mean": 0.17,
      "median": -0.03,
      "min": -0.2,
      "std": 0.76
    }
  }
}