{
  "r3": {
    "alpha": 1.9251803028852335,
    "beta": 0.4391174350926058,
    "sharpe_ratio": 2.0736862339660838,
    "sortino_ratio": 3.7828729276246515,
    "annual_volatility": 0.6893947041253476,
    "annual_return_ratio": 2.4394143474482024,
    "skew": 1.8229472048252664,
    "kurtosis": 15.407935823641363,
    "daily_winning_ratio": 0.5357798165137615,
    "max_drawdown": 0.4031957902842841
  },
  "fof": {
    "alpha": 1.860614529803319,
    "beta": 0.2961526447045467,
    "sharpe_ratio": 2.2552712826516066,
    "sortino_ratio": 4.665550933121612,
    "annual_volatility": 0.5727640654853317,
    "annual_return_ratio": 2.224087969365798,
    "skew": 2.901062680694051,
    "kurtosis": 25.22091298300325,
    "daily_winning_ratio": 0.533211009174312,
    "max_drawdown": 0.29356578072433515
  },
  "base": {
    "alpha": 0.0,
    "beta": 0.9999999999999998,
    "sharpe_ratio": 1.0272386755749119,
    "sortino_ratio": 1.5125143188659853,
    "annual_volatility": 0.7862323243453657,
    "annual_return_ratio": 0.6991256256311409,
    "skew": -0.1512729354548347,
    "kurtosis": 10.455025715548835,
    "daily_winning_ratio": 0.5310091743119266,
    "max_drawdown": 0.8371658779895128
  }
}