{
  "t2": {
    "alpha": 0.8294622636249,
    "beta": 0.2714125592021693,
    "sharpe_ratio": 1.9690869268465945,
    "sortino_ratio": 3.6984200587455756,
    "annual_volatility": 0.41894888404079306,
    "annual_return_ratio": 1.1728117850353592,
    "skew": 2.7017606282389535,
    "kurtosis": 26.223334531093347,
    "daily_winning_ratio": 0.5283923303834809,
    "max_drawdown": 0.2286896551724137
  },
  "fof": {
    "alpha": 0.7914666292747619,
    "beta": 0.17362591114462242,
    "sharpe_ratio": 2.0124928292935316,
    "sortino_ratio": 4.420515023322027,
    "annual_volatility": 0.360005680026127,
    "annual_return_ratio": 1.0113623215966943,
    "skew": 4.458554395633377,
    "kurtosis": 47.591061094633325,
    "daily_winning_ratio": 0.7728613569321534,
    "max_drawdown": 0.1715428867284231
  },
  "base": {
    "alpha": 0.0,
    "beta": 1.0,
    "sharpe_ratio": 1.0349271633430681,
    "sortino_ratio": 1.5222121430421163,
    "annual_volatility": 0.7847302563134183,
    "annual_return_ratio": 0.7086017446722135,
    "skew": -0.16292849003759058,
    "kurtosis": 10.582000022871965,
    "daily_winning_ratio": 0.5317109144542773,
    "max_drawdown": 0.8371658779895128
  }
}