{
  "r3": {
    "alpha": 1.697689368063486,
    "beta": 0.4847671110615981,
    "sharpe_ratio": 2.2183388175692778,
    "sortino_ratio": 4.165317101161227,
    "annual_volatility": 0.6876522810708476,
    "annual_return_ratio": 2.7948204935486114,
    "skew": 2.1377967324669833,
    "kurtosis": 17.265176374988513,
    "daily_winning_ratio": 0.536889332003988,
    "max_drawdown": 0.4004388000320708
  },
  "er3": {
    "alpha": 4.557164644442011,
    "beta": 0.13979611366088313,
    "sharpe_ratio": 2.321451893905567,
    "sortino_ratio": 4.471861307723054,
    "annual_volatility": 0.8065875919053931,
    "annual_return_ratio": 3.9456124313195193,
    "skew": 2.4342362718888695,
    "kurtosis": 21.15103410682624,
    "daily_winning_ratio": 0.543369890329013,
    "max_drawdown": 0.47292841493444493
  },
  "fof": {
    "alpha": 3.620379127667042,
    "beta": 0.2003007829075931,
    "sharpe_ratio": 2.9895937335866654,
    "sortino_ratio": 6.782807230713939,
    "annual_volatility": 0.5864953594688267,
    "annual_return_ratio": 4.075346705995677,
    "skew": 3.163818139423298,
    "kurtosis": 24.86316928151876,
    "daily_winning_ratio": 0.6281156530408774,
    "max_drawdown": 0.2943996521996749
  },
  "btc": {
    "alpha": 0.0,
    "beta": 1.0,
    "sharpe_ratio": 1.3574293464287168,
    "sortino_ratio": 2.0217964786768152,
    "annual_volatility": 0.8080088448546566,
    "annual_return_ratio": 1.2268796549977599,
    "skew": -0.1841902012550456,
    "kurtosis": 10.93133236765795,
    "daily_winning_ratio": 0.5483549351944168,
    "max_drawdown": 0.8371658779895128
  },
  "eth": {
    "alpha": 2.099923172778594,
    "beta": 0.8107308394078321,
    "sharpe_ratio": 1.7565784427553726,
    "sortino_ratio": 2.8239309918461384,
    "annual_volatility": 1.151303133475324,
    "annual_return_ratio": 3.0429883118814685,
    "skew": 0.3424699866307693,
    "kurtosis": 4.893343276866865,
    "daily_winning_ratio": 0.5139581256231306,
    "max_drawdown": 0.9408001486786897
  }
}