{
  "r3": {
    "alpha": 1.8845659171374964,
    "beta": 0.44028742602444304,
    "sharpe_ratio": 2.0456682716273225,
    "sortino_ratio": 3.7177005811708708,
    "annual_volatility": 0.6904022670472992,
    "annual_return_ratio": 2.378227054053811,
    "skew": 1.8063602121985196,
    "kurtosis": 15.331672185262729,
    "daily_winning_ratio": 0.5353868720205354,
    "max_drawdown": 0.4031957902842841
  },
  "fof": {
    "alpha": 1.817138854279985,
    "beta": 0.29743692158463514,
    "sharpe_ratio": 2.220324928499681,
    "sortino_ratio": 4.557764255428136,
    "annual_volatility": 0.574058107378256,
    "annual_return_ratio": 2.166916334056524,
    "skew": 2.86477739381756,
    "kurtosis": 25.036753576009268,
    "daily_winning_ratio": 0.5328199486615328,
    "max_drawdown": 0.29356578072433515
  },
  "base": {
    "alpha": 0.0,
    "beta": 0.9999999999999998,
    "sharpe_ratio": 1.0151174509159682,
    "sortino_ratio": 1.4940371201531588,
    "annual_volatility": 0.7862756143770312,
    "annual_return_ratio": 0.6830514897710684,
    "skew": -0.150485659481541,
    "kurtosis": 10.443653210484591,
    "daily_winning_ratio": 0.5306197286395307,
    "max_drawdown": 0.8371658779895128
  }
}