{
  "benchmark": {
    "alpha": 0.0,
    "annual_return_ratio": 0.7046557627352243,
    "annual_volatility": 0.7864911839227626,
    "beta": 1.0,
    "daily_winning_ratio": 0.5295847115031238,
    "kurtosis": 10.456356550829373,
    "sharpe_ratio": 1.0313058650179099,
    "skew": -0.15168778564665306,
    "sortino_ratio": 1.5186690791487325
  },
  "strategy": {
    "alpha": 0.9248635035195685,
    "annual_return_ratio": 1.2895061127689256,
    "annual_volatility": 0.4123962870181511,
    "beta": 0.27121644000203815,
    "daily_winning_ratio": 0.523704520396913,
    "kurtosis": 14.803380956031926,
    "sharpe_ratio": 2.1227883343569687,
    "skew": 2.0140234883895203,
    "sortino_ratio": 3.956414830543914
  }
}