{
  "benchmark": {
    "alpha": 0.0,
    "annual_return_ratio": 0.6913866785427147,
    "annual_volatility": 0.7858970660141067,
    "beta": 1.0,
    "daily_winning_ratio": 0.5294334069168506,
    "kurtosis": 10.4998071898208,
    "sharpe_ratio": 1.0215739100816688,
    "skew": -0.15461352905046558,
    "sortino_ratio": 1.5031899182060309
  },
  "strategy": {
    "alpha": 0.9171544361325734,
    "annual_return_ratio": 1.2734252905363141,
    "annual_volatility": 0.41092129330008176,
    "beta": 0.26948874922332355,
    "daily_winning_ratio": 0.5235467255334805,
    "kurtosis": 14.966744395362202,
    "sharpe_ratio": 2.111796623163023,
    "skew": 2.0174900508876874,
    "sortino_ratio": 3.930090474691379
  }
}