{
  "r1": {
    "alpha": 0.3870625038499089,
    "beta": 0.13986501475990037,
    "sharpe_ratio": 2.0594578441028304,
    "sortino_ratio": 3.847045251800663,
    "annual_volatility": 0.21433369447478387,
    "annual_return_ratio": 0.5762087985096163,
    "skew": 2.0436349233547597,
    "kurtosis": 14.832872302482636,
    "daily_winning_ratio": 0.5336026441424899,
    "max_drawdown": 0.1362118126272912
  },
  "fof": {
    "alpha": 0.2786051543207262,
    "beta": 0.0881671023812306,
    "sharpe_ratio": 1.8075440348538785,
    "sortino_ratio": 3.7193485180074473,
    "annual_volatility": 0.17579827809153997,
    "annual_return_ratio": 0.4034986809124943,
    "skew": 3.3232279406177185,
    "kurtosis": 29.353920007598376,
    "daily_winning_ratio": 0.5640837311788469,
    "max_drawdown": 0.09696909667194942
  },
  "base": {
    "alpha": 0.0,
    "beta": 1.0000000000000002,
    "sharpe_ratio": 1.0372683086510492,
    "sortino_ratio": 1.5276636209364818,
    "annual_volatility": 0.7863126687715951,
    "annual_return_ratio": 0.7125827875890787,
    "skew": -0.15233521862267896,
    "kurtosis": 10.459061933671919,
    "daily_winning_ratio": 0.5313991920675726,
    "max_drawdown": 0.8371658779895128
  }
}