{
  "benchmark": {
    "alpha": 0.0,
    "annual_return_ratio": 0.79011198825124,
    "annual_volatility": 0.7797797588957047,
    "beta": 1.0,
    "daily_winning_ratio": 0.5312851255151743,
    "kurtosis": 10.973410942618344,
    "sharpe_ratio": 1.096328153735938,
    "skew": -0.16077266735389698,
    "sortino_ratio": 1.6175898272107114
  },
  "strategy": {
    "alpha": 2.3979834264234396,
    "annual_return_ratio": 3.318726748323064,
    "annual_volatility": 0.7631817861230971,
    "beta": 0.5704165356194196,
    "daily_winning_ratio": 0.5436493068565006,
    "kurtosis": 8.564614975608322,
    "sharpe_ratio": 2.2443931229337397,
    "skew": 1.114139616865085,
    "sortino_ratio": 3.8766179559086953
  }
}