{
  "benchmark": {
    "alpha": 0.0,
    "annual_return_ratio": 0.7105036711017763,
    "annual_volatility": 0.78632319806095,
    "beta": 0.9999999999999998,
    "daily_winning_ratio": 0.5295629820051414,
    "kurtosis": 10.458293846759675,
    "sharpe_ratio": 1.0357165360939644,
    "skew": -0.15209510958103273,
    "sortino_ratio": 1.5253687927083919
  },
  "strategy": {
    "alpha": 1.8887917808971442,
    "annual_return_ratio": 2.470686852269785,
    "annual_volatility": 0.6611079579244427,
    "beta": 0.4383732648475766,
    "daily_winning_ratio": 0.5247888358428204,
    "kurtosis": 15.640771353043204,
    "sharpe_ratio": 2.146995969739649,
    "skew": 2.0384995470512193,
    "sortino_ratio": 3.9926520085340926
  }
}