{
  "benchmark": {
    "alpha": 0.0,
    "annual_return_ratio": 0.7129212748307718,
    "annual_volatility": 0.7864566810727215,
    "beta": 1.0,
    "daily_winning_ratio": 0.529757531227039,
    "kurtosis": 10.45417025315469,
    "sharpe_ratio": 1.0374763907730666,
    "skew": -0.15237004607560017,
    "sortino_ratio": 1.5279692787670949
  },
  "strategy": {
    "alpha": 0.3872759085774671,
    "annual_return_ratio": 0.5764934365053185,
    "annual_volatility": 0.21438194224524068,
    "beta": 0.13985684599926634,
    "daily_winning_ratio": 0.5213078618662748,
    "kurtosis": 14.822100619426722,
    "sharpe_ratio": 2.059885734710868,
    "skew": 2.0423377615638154,
    "sortino_ratio": 3.8475509831496026
  }
}