{
  "benchmark": {
    "alpha": 0.0,
    "annual_return_ratio": 0.7089393476520793,
    "annual_volatility": 0.7848745639764326,
    "beta": 1.0,
    "daily_winning_ratio": 0.5300627074880118,
    "kurtosis": 10.577044301946984,
    "sharpe_ratio": 1.035135687819893,
    "skew": -0.16296139590685166,
    "sortino_ratio": 1.52251805247884
  },
  "strategy": {
    "alpha": 1.9697046119989863,
    "annual_return_ratio": 2.538247170304882,
    "annual_volatility": 0.6735418209323395,
    "beta": 0.4398834884160865,
    "daily_winning_ratio": 0.5252674289929915,
    "kurtosis": 15.704282791651861,
    "sharpe_ratio": 2.1490441745572872,
    "skew": 1.8745347617237937,
    "sortino_ratio": 3.935688127472651
  }
}