{
  "t1": {
    "alpha": 0.3867403301931538,
    "beta": 0.13771208395368104,
    "sharpe_ratio": 2.0624509118179044,
    "sortino_ratio": 3.85077243462186,
    "annual_volatility": 0.21282625143004008,
    "annual_return_ratio": 0.5728270013312973,
    "skew": 2.0607900014854392,
    "kurtosis": 15.214931496579174,
    "daily_winning_ratio": 0.5339233038348082,
    "max_drawdown": 0.1362118126272912
  },
  "fof": {
    "alpha": 0.27426966963545274,
    "beta": 0.08246784220027312,
    "sharpe_ratio": 1.7654798998505246,
    "sortino_ratio": 3.6604837850408845,
    "annual_volatility": 0.175266237355769,
    "annual_return_ratio": 0.39199364236615764,
    "skew": 3.380181726426139,
    "kurtosis": 29.857547269946096,
    "daily_winning_ratio": 0.8019911504424779,
    "max_drawdown": 0.09811296824949445
  },
  "base": {
    "alpha": 0.0,
    "beta": 1.0,
    "sharpe_ratio": 1.0349271633430681,
    "sortino_ratio": 1.5222121430421163,
    "annual_volatility": 0.7847302563134183,
    "annual_return_ratio": 0.7086017446722135,
    "skew": -0.16292849003759058,
    "kurtosis": 10.582000022871965,
    "daily_winning_ratio": 0.5317109144542773,
    "max_drawdown": 0.8371658779895128
  }
}