{
  "r1": {
    "alpha": 0.38619458287071184,
    "beta": 0.13987635547081875,
    "sharpe_ratio": 2.055847492932677,
    "sortino_ratio": 3.840030044720806,
    "annual_volatility": 0.21430633226461165,
    "annual_return_ratio": 0.5749116805924797,
    "skew": 2.044213216830007,
    "kurtosis": 14.837110617799372,
    "daily_winning_ratio": 0.5334067547723935,
    "max_drawdown": 0.1362118126272912
  },
  "fof": {
    "alpha": 0.27775927842389647,
    "beta": 0.088179090118434,
    "sharpe_ratio": 1.8032658560984343,
    "sortino_ratio": 3.709970919496369,
    "annual_volatility": 0.1757791309958669,
    "annual_return_ratio": 0.40240070062460176,
    "skew": 3.3237000592894246,
    "kurtosis": 29.35928689516139,
    "daily_winning_ratio": 0.5638766519823789,
    "max_drawdown": 0.09696909667194942
  },
  "base": {
    "alpha": 0.0,
    "beta": 0.9999999999999998,
    "sharpe_ratio": 1.0355088533874681,
    "sortino_ratio": 1.5250637203255086,
    "annual_volatility": 0.7861792615850757,
    "annual_return_ratio": 0.710166672362837,
    "skew": -0.15206034662586715,
    "kurtosis": 10.463185381466417,
    "daily_winning_ratio": 0.5312041116005873,
    "max_drawdown": 0.8371658779895128
  }
}