{
  "benchmark": {
    "alpha": 0.0,
    "annual_return_ratio": 0.8252361443446443,
    "annual_volatility": 0.7805376506853811,
    "beta": 1.0,
    "daily_winning_ratio": 0.5322276667923106,
    "kurtosis": 10.997626683581295,
    "sharpe_ratio": 1.1209975977841762,
    "skew": -0.16362847466410882,
    "sortino_ratio": 1.6550243228134063
  },
  "strategy": {
    "alpha": 2.5284867035955894,
    "annual_return_ratio": 3.532338886858936,
    "annual_volatility": 0.7635166498339735,
    "beta": 0.5696863099860554,
    "daily_winning_ratio": 0.5454202789295137,
    "kurtosis": 8.56935303066215,
    "sharpe_ratio": 2.307106191102354,
    "skew": 1.1207384109423044,
    "sortino_ratio": 4.000905468197854
  }
}