{
  "counts": {
    "total": 2097,
    "r3-0.0": 7,
    "er3-0.0": 7,
    "cash-1.0": 7,
    "switch": 221,
    "cash-0.0": 2090,
    "r3-0.6": 1897,
    "er3-0.4": 1897,
    "r3-0.5858230814294083": 1,
    "er3-0.4141769185705917": 1,
    "r3-0.5614823133071308": 1,
    "er3-0.43851768669286917": 1,
    "r3-0.5437146585471945": 1,
    "er3-0.4562853414528055": 1,
    "r3-0.5877512636652169": 3,
    "er3-0.4122487363347831": 3,
    "r3-0.5745805561939784": 1,
    "er3-0.4254194438060216": 1,
    "r3-0.5563901407667057": 1,
    "er3-0.4436098592332943": 1,
    "r3-0.5405113237122318": 1,
    "er3-0.45948867628776824": 1,
    "r3-0.5236698785085881": 1,
    "er3-0.47633012149141185": 1,
    "r3-0.5109600940166573": 1,
    "er3-0.4890399059833427": 1,
    "r3-0.5001000200040008": 1,
    "er3-0.4998999799959992": 1,
    "r3-0.4905808477237048": 1,
    "er3-0.5094191522762952": 1,
    "r3-0.5054334091483447": 1,
    "er3-0.49456659085165533": 1,
    "r3-0.5165556072111163": 1,
    "er3-0.48344439278888374": 1,
    "r3-0.5312649418264889": 1,
    "er3-0.46873505817351113": 1,
    "r3-0.5513895015438905": 1,
    "er3-0.44861049845610945": 1,
    "r3-0.5679559266200943": 1,
    "er3-0.4320440733799057": 1,
    "r3-0.5814967726929116": 1,
    "er3-0.41850322730708844": 1,
    "r3-0.5914360066240832": 1,
    "er3-0.40856399337591676": 1,
    "r3-0.5778676683039584": 1,
    "er3-0.4221323316960416": 1,
    "r3-0.5650994575045207": 1,
    "er3-0.43490054249547927": 1,
    "r3-0.5503577325261421": 1,
    "er3-0.44964226747385794": 1,
    "r3-0.5594405594405594": 1,
    "er3-0.44055944055944063": 1,
    "r3-0.5467468562055768": 1,
    "er3-0.45325314379442316": 1,
    "r3-0.5324246619103397": 1,
    "er3-0.46757533808966034": 1,
    "r3-0.5264543300868649": 1,
    "er3-0.47354566991313507": 1,
    "r3-0.5074854097944684": 1,
    "er3-0.49251459020553157": 1,
    "r3-0.49930097862991807": 1,
    "er3-0.5006990213700819": 1,
    "r3-0.5054589567327133": 1,
    "er3-0.49454104326728665": 1,
    "r3-0.5193725979017347": 1,
    "er3-0.48062740209826527": 1,
    "r3-0.5609783462358353": 1,
    "er3-0.4390216537641647": 1,
    "r3-0.58459020226821": 1,
    "er3-0.41540979773179": 1,
    "r3-0.5706785367802317": 1,
    "er3-0.4293214632197683": 1,
    "r3-0.5507821105970477": 1,
    "er3-0.44921788940295226": 1,
    "r3-0.5363368195226602": 1,
    "er3-0.4636631804773398": 1,
    "r3-0.5238070294903358": 1,
    "er3-0.47619297050966425": 1,
    "r3-0.513821806597472": 1,
    "er3-0.486178193402528": 1,
    "r3-0.5005255518294209": 1,
    "er3-0.49947444817057907": 1,
    "r3-0.5109339873288371": 1,
    "er3-0.4890660126711629": 1,
    "r3-0.5278716216216216": 2,
    "er3-0.4721283783783784": 2,
    "r3-0.5592841163310962": 1,
    "er3-0.4407158836689038": 1,
    "r3-0.572737686139748": 1,
    "er3-0.42726231386025204": 1,
    "r3-0.590249085113918": 1,
    "er3-0.40975091488608195": 1,
    "r3-0.5880969183721477": 1,
    "er3-0.4119030816278523": 1,
    "r3-0.5580668564093978": 1,
    "er3-0.4419331435906022": 1,
    "r3-0.5888587916617596": 1,
    "er3-0.4111412083382404": 1,
    "r3-0.5701904436081651": 1,
    "er3-0.42980955639183493": 1,
    "r3-0.5585968048262764": 1,
    "er3-0.4414031951737236": 1,
    "r3-0.542652485348383": 1,
    "er3-0.45734751465161705": 1,
    "r3-0.5290165582182722": 1,
    "er3-0.4709834417817278": 1,
    "r3-0.5875095470301392": 1,
    "er3-0.41249045296986075": 1,
    "r3-0.5720496539099594": 1,
    "er3-0.42795034609004057": 1,
    "r3-0.5600672080649678": 1,
    "er3-0.4399327919350322": 1,
    "r3-0.5614192679092747": 1,
    "er3-0.43858073209072534": 1,
    "r3-0.5590652429138481": 1,
    "er3-0.44093475708615193": 1,
    "r3-0.5691519635742743": 1,
    "er3-0.43084803642572567": 1,
    "r3-0.5427702996092054": 1,
    "er3-0.4572297003907946": 1,
    "r3-0.5268148772521336": 1,
    "er3-0.4731851227478664": 1,
    "r3-0.516422226812642": 1,
    "er3-0.48357777318735795": 1,
    "r3-0.5194805194805194": 1,
    "er3-0.48051948051948057": 1,
    "r3-0.5111429155591903": 1,
    "er3-0.48885708444080966": 1,
    "r3-0.49287791414066734": 1,
    "er3-0.5071220858593326": 1,
    "r3-0.5086987486010784": 1,
    "er3-0.49130125139892156": 1,
    "r3-0.5382710733125202": 1,
    "er3-0.4617289266874798": 1,
    "r3-0.559753708368318": 2,
    "er3-0.44024629163168205": 2,
    "r3-0.5866478939340608": 1,
    "er3-0.4133521060659392": 1,
    "r3-0.5684402000909504": 2,
    "er3-0.4315597999090496": 2,
    "r3-0.5557408024897188": 1,
    "er3-0.4442591975102812": 1,
    "r3-0.5599104143337066": 1,
    "er3-0.4400895856662934": 1,
    "r3-0.5530361685654241": 1,
    "er3-0.44696383143457585": 1,
    "r3-0.5487871803314675": 1,
    "er3-0.45121281966853255": 1,
    "r3-0.5365958360163126": 1,
    "er3-0.46340416398368744": 1,
    "r3-0.5304758368256326": 1,
    "er3-0.4695241631743674": 1,
    "r3-0.5057401507105649": 1,
    "er3-0.4942598492894351": 1,
    "r3-0.4994506043352312": 1,
    "er3-0.5005493956647689": 1,
    "r3-0.500175061271445": 1,
    "er3-0.49982493872855505": 1,
    "r3-0.5119803399549457": 1,
    "er3-0.48801966004505426": 1,
    "r3-0.5691195720220819": 1,
    "er3-0.43088042797791815": 1,
    "r3-0.5654189754608164": 1,
    "er3-0.43458102453918357": 1,
    "r3-0.5647803004631199": 1,
    "er3-0.4352196995368801": 1,
    "r3-0.5511767623876977": 1,
    "er3-0.44882323761230225": 1,
    "r3-0.55561729081009": 1,
    "er3-0.44438270918990996": 1,
    "r3-0.5392289026691831": 1,
    "er3-0.4607710973308169": 1,
    "r3-0.5137954066690644": 1,
    "er3-0.4862045933309356": 1,
    "r3-0.5119541289100497": 1,
    "er3-0.48804587108995034": 1,
    "r3-0.5046681806712087": 1,
    "er3-0.49533181932879133": 1,
    "r3-0.49079754601226994": 1,
    "er3-0.50920245398773": 1,
    "r3-0.493583415597236": 1,
    "er3-0.5064165844027639": 1,
    "r3-0.49256230913210525": 1,
    "er3-0.5074376908678948": 1,
    "r3-0.49236829148202854": 1,
    "er3-0.5076317085179715": 1,
    "r3-0.4930966469428008": 1,
    "er3-0.5069033530571991": 1,
    "r3-0.5100999795960008": 1,
    "er3-0.48990002040399916": 1,
    "r3-0.5270925574530888": 1,
    "er3-0.4729074425469112": 1,
    "r3-0.5968011458582001": 1,
    "er3-0.4031988541417999": 1,
    "r3-0.5822416302765647": 1,
    "er3-0.4177583697234353": 1,
    "r3-0.5828524800373026": 1,
    "er3-0.4171475199626974": 1,
    "r3-0.5699304684828451": 1,
    "er3-0.4300695315171549": 1,
    "r3-0.5904581955597543": 1,
    "er3-0.4095418044402457": 1,
    "r3-0.5862008324051821": 1,
    "er3-0.41379916759481794": 1,
    "r3-0.5686341407938132": 3,
    "er3-0.43136585920618675": 3,
    "r3-0.5923468783319512": 1,
    "er3-0.4076531216680488": 1,
    "r3-0.5868200222991609": 1,
    "er3-0.41317997770083914": 1,
    "r3-0.580046403712297": 1,
    "er3-0.419953596287703": 1,
    "r3-0.556823876607829": 1,
    "er3-0.44317612339217105": 1,
    "r3-0.5477951246233909": 1,
    "er3-0.45220487537660914": 1,
    "r3-0.5203184348821479": 1,
    "er3-0.4796815651178521": 1,
    "r3-0.5187798298402159": 1,
    "er3-0.48122017015978413": 1,
    "r3-0.5327650506126798": 1,
    "er3-0.46723494938732024": 1,
    "r3-0.5457025920873124": 1,
    "er3-0.4542974079126876": 1,
    "r3-0.5502366017387477": 1,
    "er3-0.44976339826125233": 1,
    "r3-0.5428292259255239": 1,
    "er3-0.45717077407447615": 1,
    "r3-0.5264266161297115": 1,
    "er3-0.47357338387028847": 1,
    "r3-0.5171433004085432": 1,
    "er3-0.48285669959145683": 1,
    "r3-0.5850348095711695": 1,
    "er3-0.4149651904288305": 1,
    "r3-0.5559261730042251": 1,
    "er3-0.4440738269957749": 1,
    "r3-0.5444547285893178": 1,
    "er3-0.45554527141068224": 1,
    "r3-0.5231767290990896": 1,
    "er3-0.47682327090091037": 1,
    "r3-0.510178052140197": 1,
    "er3-0.48982194785980304": 1,
    "r3-0.4970178926441352": 1,
    "er3-0.5029821073558648": 1,
    "r3-0.5082592121982211": 1,
    "er3-0.4917407878017789": 1,
    "r3-0.5879586077140169": 1,