{
  "r1": {
    "alpha": 4.342036630040109e+240,
    "beta": 54.177581588009886,
    "sharpe_ratio": 0.366106521272627,
    "sortino_ratio": 10769.643667597313,
    "annual_volatility": 3672.0729913732057,
    "annual_return_ratio": 4.42749503922406,
    "skew": 52.20153224678149,
    "kurtosis": 2724.999979266878,
    "daily_winning_ratio": 0.535045871559633,
    "max_drawdown": 0.14293292268116675
  },
  "fof": {
    "alpha": 2.2400611669013624e+48,
    "beta": 5.489503408917823,
    "sharpe_ratio": 0.3669062994701365,
    "sortino_ratio": 1420.8639460182812,
    "annual_volatility": 366.876487283868,
    "annual_return_ratio": 2.606366471568299,
    "skew": 52.201512073552315,
    "kurtosis": 2724.9985746275484,
    "daily_winning_ratio": 0.5662385321100918,
    "max_drawdown": 0.12204563072217212
  },
  "base": {
    "alpha": 0.0,
    "beta": 0.9999999999999998,
    "sharpe_ratio": 1.0272386755749119,
    "sortino_ratio": 1.5125143188659853,
    "annual_volatility": 0.7862323243453657,
    "annual_return_ratio": 0.6991256256311409,
    "skew": -0.1512729354548347,
    "kurtosis": 10.455025715548835,
    "daily_winning_ratio": 0.5310091743119266,
    "max_drawdown": 0.8371658779895128
  }
}