{
  "benchmark": {
    "alpha": 0.0,
    "annual_return_ratio": 0.7992359154145334,
    "annual_volatility": 0.7801497811404426,
    "beta": 0.9999999999999999,
    "daily_winning_ratio": 0.5308641975308642,
    "kurtosis": 10.938890358101503,
    "sharpe_ratio": 1.1026492029577084,
    "skew": -0.15629611648501285,
    "sortino_ratio": 1.6285234550371839
  },
  "strategy": {
    "alpha": 1.47495420426436,
    "annual_return_ratio": 2.1323693624360263,
    "annual_volatility": 0.8196623886235542,
    "beta": 0.6140015936121926,
    "daily_winning_ratio": 0.5402169846614291,
    "kurtosis": 10.272834869305017,
    "sharpe_ratio": 1.7513690523789103,
    "skew": 1.0002636301950742,
    "sortino_ratio": 2.8807692054126544
  }
}