{
  "benchmark": {
    "alpha": 0.0,
    "annual_return_ratio": 0.6454172074960216,
    "annual_volatility": 0.7765203443121506,
    "beta": 1.0,
    "daily_winning_ratio": 0.5301960784313725,
    "kurtosis": 11.522287000137133,
    "sharpe_ratio": 0.9895959831034494,
    "skew": -0.19969435434968266,
    "sortino_ratio": 1.4490989779305259
  },
  "strategy": {
    "alpha": 3.7156589140816934,
    "annual_return_ratio": 4.53138997705603,
    "annual_volatility": 0.8013157948720845,
    "beta": 0.5608633895462894,
    "daily_winning_ratio": 0.5419607843137255,
    "kurtosis": 11.999708312793748,
    "sharpe_ratio": 2.477398880296987,
    "skew": 1.7378585128634945,
    "sortino_ratio": 4.600169964834188
  }
}