{
  "counts": {
    "total": 2054,
    "r3-0.0": 7,
    "er3-0.0": 7,
    "cash-1.0": 7,
    "switch": 538,
    "cash-0.7": 1082,
    "r3-0.15": 1544,
    "er3-0.15": 1388,
    "cash-0.25": 679,
    "r3-0.6": 232,
    "cash-0.1": 286,
    "er3-0.75": 103,
    "er3-0.6": 363,
    "r3-0.75": 76,
    "r3-0.58": 11,
    "er3-0.32": 4,
    "r3-0.56": 16,
    "er3-0.33999999999999997": 5,
    "r3-0.55": 18,
    "er3-0.35": 10,
    "r3-0.54": 13,
    "er3-0.36": 4,
    "r3-0.53": 8,
    "er3-0.37": 4,
    "er3-0.22": 6,
    "r3-0.5": 11,
    "er3-0.4": 4,
    "r3-0.57": 21,
    "er3-0.32999999999999996": 7,
    "er3-0.19": 12,
    "er3-0.18": 16,
    "r3-0.59": 13,
    "er3-0.16": 11,
    "er3-0.21": 10,
    "er3-0.2": 8,
    "r3-0.52": 7,
    "er3-0.22999999999999998": 7,
    "er3-0.25": 8,
    "r3-0.49": 3,
    "er3-0.26": 4,
    "r3-0.16": 1,
    "er3-0.59": 6,
    "r3-0.18": 3,
    "er3-0.57": 7,
    "r3-0.21": 2,
    "er3-0.54": 3,
    "r3-0.37": 2,
    "er3-0.53": 2,
    "r3-0.22999999999999998": 1,
    "er3-0.52": 1,
    "er3-0.38": 2,
    "r3-0.28": 3,
    "er3-0.62": 3,
    "r3-0.24": 2,
    "er3-0.66": 2,
    "er3-0.69": 1,
    "r3-0.29000000000000004": 8,
    "er3-0.61": 8,
    "r3-0.67": 2,
    "r3-0.66": 2,
    "er3-0.24": 7,
    "r3-0.32999999999999996": 4,
    "er3-0.16999999999999998": 8,
    "r3-0.3": 4,
    "r3-0.31": 5,
    "r3-0.71": 1,
    "r3-0.68": 2,
    "r3-0.63": 2,
    "er3-0.27": 2,
    "r3-0.61": 4,
    "er3-0.29000000000000004": 4,
    "er3-0.31": 4,
    "er3-0.3": 2,
    "r3-0.36": 2,
    "r3-0.27": 1,
    "er3-0.63": 1,
    "r3-0.51": 5,
    "r3-0.64": 1,
    "r3-0.72": 2,
    "r3-0.74": 2,
    "r3-0.73": 1,
    "r3-0.35": 2,
    "er3-0.55": 3,
    "r3-0.33999999999999997": 4,
    "er3-0.56": 5,
    "r3-0.32": 2,
    "er3-0.58": 2,
    "r3-0.19": 1,
    "r3-0.2": 1,
    "r3-0.69": 1,
    "r3-0.65": 1
  }
}