{
  "r3": {
    "alpha": 1.8929027040478368,
    "beta": 0.43833800983314625,
    "sharpe_ratio": 2.150044842434992,
    "sortino_ratio": 3.998614452564834,
    "annual_volatility": 0.6610669886984852,
    "annual_return_ratio": 2.4774509779352165,
    "skew": 2.038471205328033,
    "kurtosis": 15.64383399465243,
    "daily_winning_ratio": 0.525890561880279,
    "max_drawdown": 0.39219560385280305
  },
  "fof": {
    "alpha": 1.7570777740525898,
    "beta": 0.2903470758854292,
    "sharpe_ratio": 2.295131307680634,
    "sortino_ratio": 4.898174239961864,
    "annual_volatility": 0.5456740881213472,
    "annual_return_ratio": 2.146688511906425,
    "skew": 3.224842793702436,
    "kurtosis": 26.721242456307394,
    "daily_winning_ratio": 0.5299302240176276,
    "max_drawdown": 0.27394984359948493
  },
  "base": {
    "alpha": 0.0,
    "beta": 1.0000000000000002,
    "sharpe_ratio": 1.0372683086510492,
    "sortino_ratio": 1.5276636209364818,
    "annual_volatility": 0.7863126687715951,
    "annual_return_ratio": 0.7125827875890787,
    "skew": -0.15233521862267896,
    "kurtosis": 10.459061933671919,
    "daily_winning_ratio": 0.5313991920675726,
    "max_drawdown": 0.8371658779895128
  }
}