{
  "r3": {
    "alpha": 1.796062699012087,
    "beta": 0.44502112258166326,
    "sharpe_ratio": 1.9800314728406954,
    "sortino_ratio": 3.5361443442591147,
    "annual_volatility": 0.6956883263074053,
    "annual_return_ratio": 2.248642976588173,
    "skew": 1.66449963352472,
    "kurtosis": 15.488089840543738,
    "daily_winning_ratio": 0.5351648351648352,
    "max_drawdown": 0.4031957902842841
  },
  "fof": {
    "alpha": 1.8177105105854419,
    "beta": 0.29727869233851184,
    "sharpe_ratio": 2.212741929944131,
    "sortino_ratio": 4.540725855117905,
    "annual_volatility": 0.5738334886967503,
    "annual_return_ratio": 2.152022334416022,
    "skew": 2.8660430689450065,
    "kurtosis": 25.055067600861136,
    "daily_winning_ratio": 0.5326007326007326,
    "max_drawdown": 0.29356578072433515
  },
  "base": {
    "alpha": 0.0,
    "beta": 1.0000000000000002,
    "sharpe_ratio": 0.9931838682989811,
    "sortino_ratio": 1.4595442579892643,
    "annual_volatility": 0.7869514151356923,
    "annual_return_ratio": 0.6544640488008091,
    "skew": -0.1543350368000044,
    "kurtosis": 10.403366947906942,
    "daily_winning_ratio": 0.5304029304029304,
    "max_drawdown": 0.8371658779895128
  }
}