{
  "r1": {
    "alpha": 0.39432440269872693,
    "beta": 0.14151263247741674,
    "sharpe_ratio": 1.9739778455327486,
    "sortino_ratio": 3.5796691210346965,
    "annual_volatility": 0.22637226700817117,
    "annual_return_ratio": 0.5805907374631993,
    "skew": 1.7006238013408774,
    "kurtosis": 15.922353739989106,
    "daily_winning_ratio": 0.5390825688073394,
    "max_drawdown": 0.14298527543164663
  },
  "fof": {
    "alpha": 0.2945845949080965,
    "beta": 0.09004360944097742,
    "sharpe_ratio": 1.7691897298533854,
    "sortino_ratio": 3.4939719405176564,
    "annual_volatility": 0.18709399283571046,
    "annual_return_ratio": 0.41928858122150503,
    "skew": 2.828019144723372,
    "kurtosis": 28.7730120249279,
    "daily_winning_ratio": 0.5640366972477064,
    "max_drawdown": 0.12211466865227105
  },
  "base": {
    "alpha": 0.0,
    "beta": 0.9999999999999998,
    "sharpe_ratio": 1.0272386755749119,
    "sortino_ratio": 1.5125143188659853,
    "annual_volatility": 0.7862323243453657,
    "annual_return_ratio": 0.6991256256311409,
    "skew": -0.1512729354548347,
    "kurtosis": 10.455025715548835,
    "daily_winning_ratio": 0.5310091743119266,
    "max_drawdown": 0.8371658779895128
  }
}