{
  "t4": {
    "alpha": 1.9649858865010121,
    "beta": 0.439736784906909,
    "sharpe_ratio": 2.1409780258330433,
    "sortino_ratio": 3.9199471052408192,
    "annual_volatility": 0.6734835878415751,
    "annual_return_ratio": 2.5188539979886406,
    "skew": 1.8764689394984653,
    "kurtosis": 15.719880838238886,
    "daily_winning_ratio": 0.5273062730627306,
    "max_drawdown": 0.40057890762647874
  },
  "fof": {
    "alpha": 2.020582175602185,
    "beta": 0.2765956039711289,
    "sharpe_ratio": 2.3995106963210033,
    "sortino_ratio": 5.121203886507458,
    "annual_volatility": 0.5540414231416123,
    "annual_return_ratio": 2.382881304577005,
    "skew": 3.1516422502564256,
    "kurtosis": 26.31057807349751,
    "daily_winning_ratio": 0.8243542435424355,
    "max_drawdown": 0.26071103189370815
  },
  "base": {
    "alpha": 0.0,
    "beta": 0.9999999999999998,
    "sharpe_ratio": 1.0240530316163463,
    "sortino_ratio": 1.5058611878033596,
    "annual_volatility": 0.7848337867414572,
    "annual_return_ratio": 0.6941466221979544,
    "skew": -0.16172800256038805,
    "kurtosis": 10.584099886016869,
    "daily_winning_ratio": 0.5313653136531366,
    "max_drawdown": 0.8371658779895128
  }
}