{
  "benchmark": {
    "alpha": 0.0,
    "annual_return_ratio": 0.7482816459133059,
    "annual_volatility": 0.7786034083726399,
    "beta": 1.0,
    "daily_winning_ratio": 0.5315175097276265,
    "kurtosis": 11.303396289243743,
    "sharpe_ratio": 1.0668785814597874,
    "skew": -0.19387588108750475,
    "sortino_ratio": 1.5683057815399046
  },
  "strategy": {
    "alpha": 3.960283900158859,
    "annual_return_ratio": 5.0442249926674485,
    "annual_volatility": 0.8103564120859938,
    "beta": 0.5730851264883153,
    "daily_winning_ratio": 0.5455252918287937,
    "kurtosis": 11.592223407349834,
    "sharpe_ratio": 2.568041684435447,
    "skew": 1.7310637155493565,
    "sortino_ratio": 4.807894762194728
  }
}