{
  "t4": {
    "alpha": 1.882997571445415,
    "beta": 0.4303535489356941,
    "sharpe_ratio": 2.153656998219591,
    "sortino_ratio": 3.9982060798709695,
    "annual_volatility": 0.654642127864041,
    "annual_return_ratio": 2.451671144229364,
    "skew": 2.04722394847441,
    "kurtosis": 16.08609697854576,
    "daily_winning_ratio": 0.5261799410029498,
    "max_drawdown": 0.39219560385280305
  },
  "fof": {
    "alpha": 1.489514304304504,
    "beta": 0.248328584348644,
    "sharpe_ratio": 2.2582545263533476,
    "sortino_ratio": 4.836783504121868,
    "annual_volatility": 0.49370228525760684,
    "annual_return_ratio": 1.8130941313325817,
    "skew": 3.280469710520071,
    "kurtosis": 27.42170487691626,
    "daily_winning_ratio": 0.7533185840707964,
    "max_drawdown": 0.24831913372248382
  },
  "base": {
    "alpha": 0.0,
    "beta": 1.0,
    "sharpe_ratio": 1.0349271633430681,
    "sortino_ratio": 1.5222121430421163,
    "annual_volatility": 0.7847302563134183,
    "annual_return_ratio": 0.7086017446722135,
    "skew": -0.16292849003759058,
    "kurtosis": 10.582000022871965,
    "daily_winning_ratio": 0.5317109144542773,
    "max_drawdown": 0.8371658779895128
  }
}