{
  "t4": {
    "alpha": 2.3164472159932386,
    "beta": 0.5730600053454086,
    "sharpe_ratio": 2.2070473285576973,
    "sortino_ratio": 3.7927009325458267,
    "annual_volatility": 0.7636116599395286,
    "annual_return_ratio": 3.199596193504483,
    "skew": 1.0889786615696344,
    "kurtosis": 8.5397662418489,
    "daily_winning_ratio": 0.5438661710037175,
    "max_drawdown": 0.4817747151050461
  },
  "fof": {
    "alpha": 2.348820740126655,
    "beta": 0.3932384288619691,
    "sharpe_ratio": 2.3741808661565234,
    "sortino_ratio": 4.4632862626272445,
    "annual_volatility": 0.6499307452270445,
    "annual_return_ratio": 2.950458902392627,
    "skew": 1.883644835728976,
    "kurtosis": 14.806431752550841,
    "daily_winning_ratio": 0.6933085501858736,
    "max_drawdown": 0.41115930652332044
  },
  "base": {
    "alpha": 0.0,
    "beta": 1.0,
    "sharpe_ratio": 1.0823083998340077,
    "sortino_ratio": 1.5959911302024796,
    "annual_volatility": 0.7811032738558427,
    "annual_return_ratio": 0.7713850985043531,
    "skew": -0.16136114366041127,
    "kurtosis": 10.834789649906217,
    "daily_winning_ratio": 0.5323420074349442,
    "max_drawdown": 0.8371658779895128
  }
}