{
  "benchmark": {
    "alpha": 0.0,
    "annual_return_ratio": 0.668290782542889,
    "annual_volatility": 0.7766569688398605,
    "beta": 1.0,
    "daily_winning_ratio": 0.5303564433999216,
    "kurtosis": 11.499329867338677,
    "sharpe_ratio": 1.0073418287119331,
    "skew": -0.1999004205364027,
    "sortino_ratio": 1.4761814573684853
  },
  "strategy": {
    "alpha": 2.584923365308721,
    "annual_return_ratio": 3.198196892130105,
    "annual_volatility": 0.5928124781946463,
    "beta": 0.36274495804644874,
    "daily_winning_ratio": 0.5448491970231101,
    "kurtosis": 40.86263247549902,
    "sharpe_ratio": 2.6361952852380375,
    "skew": 4.447836421353323,
    "sortino_ratio": 6.222796216997161
  }
}