{
  "benchmark": {
    "alpha": 0.0,
    "annual_return_ratio": 0.670949902603011,
    "annual_volatility": 0.7849773431667572,
    "beta": 1.0000000000000002,
    "daily_winning_ratio": 0.5294550810014728,
    "kurtosis": 10.54843002416375,
    "sharpe_ratio": 1.0064194074901662,
    "skew": -0.16114302569383257,
    "sortino_ratio": 1.478741931974472
  },
  "strategy": {
    "alpha": 1.8296346895193838,
    "annual_return_ratio": 2.3578715508224475,
    "annual_volatility": 0.6556238412589295,
    "beta": 0.43199739148866917,
    "daily_winning_ratio": 0.5246686303387335,
    "kurtosis": 15.982683424252492,
    "sharpe_ratio": 2.109313363456345,
    "skew": 2.0320591060892235,
    "sortino_ratio": 3.898024446148035
  }
}