{
  "er3": {
    "alpha": 1.3702193157733435,
    "beta": 0.3458146831315272,
    "sharpe_ratio": 2.2749646463889204,
    "sortino_ratio": 4.995402361789543,
    "annual_volatility": 0.6874024157559318,
    "annual_return_ratio": 2.974316619440555,
    "skew": 3.945443840014043,
    "kurtosis": 38.08212029853961,
    "daily_winning_ratio": 0.5559440559440559,
    "max_drawdown": 0.4878175903469937
  },
  "fof": {
    "alpha": 1.0518521731476613,
    "beta": 0.275446364436694,
    "sharpe_ratio": 2.143002590768337,
    "sortino_ratio": 4.8409315520748954,
    "annual_volatility": 0.5958284388513461,
    "annual_return_ratio": 2.150316086774263,
    "skew": 4.425193211265918,
    "kurtosis": 48.292230291614274,
    "daily_winning_ratio": 0.6918081918081919,
    "max_drawdown": 0.3960250209319742
  },
  "base": {
    "alpha": 0.0,
    "beta": 1.0,
    "sharpe_ratio": 1.7577991227125858,
    "sortino_ratio": 2.826973336334125,
    "annual_volatility": 1.151248700975847,
    "annual_return_ratio": 3.048617263422586,
    "skew": 0.343905281702518,
    "kurtosis": 4.906047258300276,
    "daily_winning_ratio": 0.5134865134865135,
    "max_drawdown": 0.9408001486786897
  }
}