{
  "closes": {
    "macd_down_cross": [
      1579996800000,
      1581897600000,
      1589328000000,
      1589673600000,
      1595030400000,
      1597449600000,
      1606521600000
    ],
    "macd_up_cross": [
      1580256000000,
      1585008000000,
      1589500800000,
      1594252800000,
      1595203200000,
      1600387200000,
      1608249600000
    ],
    "stop_profit": [
      1588204800000,
      1603843200000,
      1605916800000
    ]
  },
  "closes_count": {
    "daily_end": 366,
    "daily_end_win": 205,
    "macd_down_cross": 7,
    "macd_down_cross_win": 3,
    "macd_up_cross": 7,
    "macd_up_cross_win": 4,
    "month_end": 12,
    "month_end_win": 11,
    "stop_profit": 3,
    "stop_profit_win": 3
  },
  "coin_retracement": 0.41663670412817355,
  "coin_retracement_at": 1586995200000,
  "current_margin": 32345.052165596982,
  "current_margin_value": 936421605.2461983,
  "dollar_retracement": 0.19466132879026396,
  "dollar_retracement_at": 1585526400000,
  "nm_statistic": {
    "btc_daily_return": {
      "max": 0.28,
      "mean": 0.0,
      "median": 0.0,
      "min": -0.45,
      "std": 0.04
    },
    "btc_max_month_retracement": {
      "max": 0.53,
      "mean": 0.14,
      "median": 0.1,
      "min": 0.03,
      "std": 0.13
    },
    "btc_month_return": {
      "max": 0.47,
      "mean": 0.15,
      "median": 0.17,
      "min": -0.25,
      "std": 0.22
    },
    "coin_daily_return": {
      "max": 1.1,
      "mean": 0.0,
      "median": 0.0,
      "min": -0.25,
      "std": 0.06
    },
    "coin_max_month_retracement": {
      "max": 0.4,
      "mean": 0.1,
      "median": 0.07,
      "min": 0.02,
      "std": 0.1
    },
    "coin_month_return": {
      "max": 0.39,
      "mean": 0.08,
      "median": 0.05,
      "min": -0.07,
      "std": 0.13
    },
    "fiat_daily_return": {
      "max": 0.27,
      "mean": 0.01,
      "median": 0.0,
      "min": -0.1,
      "std": 0.04
    },
    "fiat_max_month_retracement": {
      "max": 0.19,
      "mean": 0.11,
      "median": 0.1,
      "min": 0.03,
      "std": 0.05
    },
    "fiat_month_return": {
      "max": 0.65,
      "mean": 0.23,
      "median": 0.1,
      "min": -0.04,
      "std": 0.24
    }
  }
}