{
  "benchmark": {
    "alpha": 0.0,
    "annual_return_ratio": 5.625518335924533,
    "annual_volatility": 0.8829968271913912,
    "beta": 1.0,
    "daily_winning_ratio": 0.5357142857142857,
    "kurtosis": 2.006233470081253,
    "sharpe_ratio": 2.5357360736064876,
    "skew": 0.5122909974505594,
    "sortino_ratio": 4.3086812416288405
  },
  "strategy": {
    "alpha": -0.3497043467047106,
    "annual_return_ratio": 3.271897769284087,
    "annual_volatility": 1.0446196975705642,
    "beta": 1.0543685087046497,
    "daily_winning_ratio": 0.5089285714285714,
    "kurtosis": 7.347144591954237,
    "sharpe_ratio": 1.8482381290026584,
    "skew": 1.665962088266347,
    "sortino_ratio": 3.47736197195448
  }
}