{
  "benchmark": {
    "alpha": 0.0,
    "annual_return_ratio": 0.7103324797317663,
    "annual_volatility": 0.7852059776392435,
    "beta": 1.0,
    "daily_winning_ratio": 0.5301740096260644,
    "kurtosis": 10.599081047909529,
    "sharpe_ratio": 1.0360765960193157,
    "skew": -0.16198503485123536,
    "sortino_ratio": 1.5242943298974756
  },
  "strategy": {
    "alpha": 0.9972029805251443,
    "annual_return_ratio": 1.3557694186502984,
    "annual_volatility": 0.506726124732784,
    "beta": 0.3112294435041086,
    "daily_winning_ratio": 0.320251758607923,
    "kurtosis": 24.51755421077317,
    "sharpe_ratio": 1.866095213552679,
    "skew": 2.1678477986006133,
    "sortino_ratio": 3.4275452091361878
  }
}