{
  "benchmark": {
    "alpha": 0.0,
    "annual_return_ratio": 0.7105036711017763,
    "annual_volatility": 0.78632319806095,
    "beta": 0.9999999999999998,
    "daily_winning_ratio": 0.5295629820051414,
    "kurtosis": 10.458293846759675,
    "sharpe_ratio": 1.0357165360939644,
    "skew": -0.15209510958103273,
    "sortino_ratio": 1.5253687927083919
  },
  "strategy": {
    "alpha": 0.3864074402914297,
    "annual_return_ratio": 0.5751955028392128,
    "annual_volatility": 0.21435456045926554,
    "beta": 0.13986818880987012,
    "daily_winning_ratio": 0.5211164157179581,
    "kurtosis": 14.826338764777544,
    "sharpe_ratio": 2.056274686681283,
    "skew": 2.0429162842054507,
    "sortino_ratio": 3.840535085553221
  }
}