{
  "t3": {
    "alpha": 1.8569627065673915,
    "beta": 0.43501896192157513,
    "sharpe_ratio": 2.1277645327633925,
    "sortino_ratio": 3.9479795038784835,
    "annual_volatility": 0.6581516018466579,
    "annual_return_ratio": 2.4117861604989765,
    "skew": 2.0428356437976496,
    "kurtosis": 15.85661341014535,
    "daily_winning_ratio": 0.5255608679661641,
    "max_drawdown": 0.39219560385280305
  },
  "fof": {
    "alpha": 1.718105759561146,
    "beta": 0.28659099366137336,
    "sharpe_ratio": 2.2720576319681713,
    "sortino_ratio": 4.8386868970935355,
    "annual_volatility": 0.541935123668404,
    "annual_return_ratio": 2.0871014034825115,
    "skew": 3.2470138122502474,
    "kurtosis": 27.267084702613797,
    "daily_winning_ratio": 0.5296064729680029,
    "max_drawdown": 0.4003428244929055
  },
  "base": {
    "alpha": 0.0,
    "beta": 1.0,
    "sharpe_ratio": 1.0213684608163747,
    "sortino_ratio": 1.5028883733792815,
    "annual_volatility": 0.7857529308969953,
    "annual_return_ratio": 0.6910598243092214,
    "skew": -0.15457998097123737,
    "kurtosis": 10.504723640059494,
    "daily_winning_ratio": 0.5310776020595808,
    "max_drawdown": 0.8371658779895128
  }
}