{
  "r3": {
    "alpha": 1.9274631332014205,
    "beta": 0.43885509919207316,
    "sharpe_ratio": 2.0741684357044914,
    "sortino_ratio": 3.783163394631416,
    "annual_volatility": 0.6895094962244717,
    "annual_return_ratio": 2.4410694542886464,
    "skew": 1.8209280949044797,
    "kurtosis": 15.413555975264458,
    "daily_winning_ratio": 0.5361467889908257,
    "max_drawdown": 0.4026605269889998
  },
  "fof": {
    "alpha": 1.8838182673244455,
    "beta": 0.29548159317668077,
    "sharpe_ratio": 2.27426662075223,
    "sortino_ratio": 4.719443507412331,
    "annual_volatility": 0.5721420474919569,
    "annual_return_ratio": 2.255827452979474,
    "skew": 2.9119220547608555,
    "kurtosis": 25.340561269697137,
    "daily_winning_ratio": 0.5334067547723935,
    "max_drawdown": 0.29356898698958633
  },
  "base": {
    "alpha": 0.0,
    "beta": 0.9999999999999998,
    "sharpe_ratio": 1.0272386755749119,
    "sortino_ratio": 1.5125143188659853,
    "annual_volatility": 0.7862323243453657,
    "annual_return_ratio": 0.6991256256311409,
    "skew": -0.1512729354548347,
    "kurtosis": 10.455025715548835,
    "daily_winning_ratio": 0.5310091743119266,
    "max_drawdown": 0.8371658779895128
  }
}