{
  "r3": {
    "alpha": 1.8405209211051656,
    "beta": 0.4356714128580972,
    "sharpe_ratio": 2.1393616554151555,
    "sortino_ratio": 3.9768468923956024,
    "annual_volatility": 0.660872804924387,
    "annual_return_ratio": 2.4520712441925947,
    "skew": 2.0412561634718958,
    "kurtosis": 15.674987992645432,
    "daily_winning_ratio": 0.5257163850110214,
    "max_drawdown": 0.39219560385280305
  },
  "fof": {
    "alpha": 1.700495567494266,
    "beta": 0.287327872322844,
    "sharpe_ratio": 2.2825133072164068,
    "sortino_ratio": 4.867770411461742,
    "annual_volatility": 0.5453849723816195,
    "annual_return_ratio": 2.123592092572105,
    "skew": 3.230519466204135,
    "kurtosis": 26.79910036854603,
    "daily_winning_ratio": 0.529757531227039,
    "max_drawdown": 0.27394984359948493
  },
  "base": {
    "alpha": 0.0,
    "beta": 1.0,
    "sharpe_ratio": 1.0155139546831948,
    "sortino_ratio": 1.493911149698466,
    "annual_volatility": 0.7857005700103515,
    "annual_return_ratio": 0.683292937892038,
    "skew": -0.15421852941847042,
    "kurtosis": 10.499008668474644,
    "daily_winning_ratio": 0.5310547592796766,
    "max_drawdown": 0.8371658779895128
  }
}