{
  "benchmark": {
    "alpha": 0.0,
    "annual_return_ratio": 0.7046557627352243,
    "annual_volatility": 0.7864911839227626,
    "beta": 1.0,
    "daily_winning_ratio": 0.5295847115031238,
    "kurtosis": 10.456356550829373,
    "sharpe_ratio": 1.0313058650179099,
    "skew": -0.15168778564665306,
    "sortino_ratio": 1.5186690791487325
  },
  "strategy": {
    "alpha": 0.3850432732657807,
    "annual_return_ratio": 0.572792706677959,
    "annual_volatility": 0.2143239774922469,
    "beta": 0.13975855242001547,
    "daily_winning_ratio": 0.5211319367879456,
    "kurtosis": 14.85044693283859,
    "sharpe_ratio": 2.0494055315677517,
    "skew": 2.045052560522797,
    "sortino_ratio": 3.826237528856477
  }
}