{
  "benchmark": {
    "alpha": 0.0,
    "annual_return_ratio": 1.134537480852262,
    "annual_volatility": 1.7033091839970456,
    "beta": 1.0,
    "daily_winning_ratio": 0.4874125874125874,
    "kurtosis": 123.71315257598944,
    "sharpe_ratio": 1.1073634810777422,
    "skew": 7.072342616520815,
    "sortino_ratio": 2.3346875149004207
  },
  "strategy": {
    "alpha": 0.19120875351647904,
    "annual_return_ratio": 1.348355879137897,
    "annual_volatility": 1.2570063850037907,
    "beta": 0.6147385817323445,
    "daily_winning_ratio": 0.4888111888111888,
    "kurtosis": 438.53909837724626,
    "sharpe_ratio": 1.061664917641421,
    "skew": 17.09209721153763,
    "sortino_ratio": 3.2976937020946124
  }
}