{
  "benchmark": {
    "alpha": 0.0,
    "annual_return_ratio": 0.6903870939302648,
    "annual_volatility": 0.7749845208398818,
    "beta": 1.0000000000000004,
    "daily_winning_ratio": 0.5310911224090731,
    "kurtosis": 11.57937736110641,
    "sharpe_ratio": 1.024880841157808,
    "skew": -0.20686655650053645,
    "sortino_ratio": 1.5017823924979394
  },
  "strategy": {
    "alpha": 2.6026902109436083,
    "annual_return_ratio": 3.373999514555199,
    "annual_volatility": 0.7482197299352588,
    "beta": 0.5430488305075551,
    "daily_winning_ratio": 0.5451701212358232,
    "kurtosis": 8.340972331891946,
    "sharpe_ratio": 2.2924541372569274,
    "skew": 1.0354721936034368,
    "sortino_ratio": 3.9418122274970466
  }
}