{
  "benchmark": {
    "alpha": 0.0,
    "annual_return_ratio": 0.7992359154145334,
    "annual_volatility": 0.7801497811404426,
    "beta": 0.9999999999999999,
    "daily_winning_ratio": 0.5308641975308642,
    "kurtosis": 10.938890358101503,
    "sharpe_ratio": 1.1026492029577084,
    "skew": -0.15629611648501285,
    "sortino_ratio": 1.6285234550371839
  },
  "strategy": {
    "alpha": 0.9612180049093642,
    "annual_return_ratio": 1.7253639245007064,
    "annual_volatility": 0.7680403097808607,
    "beta": 0.6762344829376314,
    "daily_winning_ratio": 0.5361017583239805,
    "kurtosis": 12.62393830219814,
    "sharpe_ratio": 1.6352082030588453,
    "skew": 1.0939227124987674,
    "sortino_ratio": 2.6786398647947873
  }
}