{
  "benchmark": {
    "alpha": 0.0,
    "annual_return_ratio": 1.8559712811668327,
    "annual_volatility": 0.7616692293678066,
    "beta": 1.0,
    "daily_winning_ratio": 0.5640243902439024,
    "kurtosis": 30.409136753485384,
    "sharpe_ratio": 1.748644685843958,
    "skew": -2.494058869613226,
    "sortino_ratio": 2.4078643748992583
  },
  "strategy": {
    "alpha": 0.28146296281678573,
    "annual_return_ratio": 1.1853877132960617,
    "annual_volatility": 0.48665172866868367,
    "beta": 0.46202160478775733,
    "daily_winning_ratio": 0.5640243902439024,
    "kurtosis": 5.135853895513748,
    "sharpe_ratio": 1.7742628061753931,
    "skew": 0.3677000604519629,
    "sortino_ratio": 2.794037981937358
  }
}