{
  "benchmark": {
    "alpha": 0.0,
    "annual_return_ratio": 0.6442177745127426,
    "annual_volatility": 0.7767264916684353,
    "beta": 1.0000000000000002,
    "daily_winning_ratio": 0.5302435192458759,
    "kurtosis": 11.52876453011314,
    "sharpe_ratio": 0.9886123751615908,
    "skew": -0.19999381756064474,
    "sortino_ratio": 1.4475149511785925
  },
  "strategy": {
    "alpha": 2.5336276572929863,
    "annual_return_ratio": 3.4195029304800135,
    "annual_volatility": 0.8413247340390121,
    "beta": 0.6937042468627521,
    "daily_winning_ratio": 0.5392772977219167,
    "kurtosis": 7.792524953773076,
    "sharpe_ratio": 2.1361465857570576,
    "skew": 1.0266800392323987,
    "sortino_ratio": 3.6392509787372287
  }
}