{
  "benchmark": {
    "alpha": 0.0,
    "annual_return_ratio": 3.026348190202648,
    "annual_volatility": 0.8276375599122421,
    "beta": 1.0000000000000002,
    "daily_winning_ratio": 0.5792349726775956,
    "kurtosis": 38.14778618001656,
    "sharpe_ratio": 2.1022444902787063,
    "skew": -2.293365926438856,
    "sortino_ratio": 2.9734455289825847
  },
  "strategy": {
    "alpha": 5.574778223288212,
    "annual_return_ratio": 8.307419847408475,
    "annual_volatility": 0.7109896019542634,
    "beta": 0.31912560168431353,
    "daily_winning_ratio": 0.5601092896174863,
    "kurtosis": 8.170743278196896,
    "sharpe_ratio": 3.4365524829776466,
    "skew": 1.5866276417419118,
    "sortino_ratio": 6.841414834605318
  }
}