{
  "benchmark": {
    "alpha": 0.0,
    "annual_return_ratio": 0.7103324797317663,
    "annual_volatility": 0.7852059776392435,
    "beta": 1.0,
    "daily_winning_ratio": 0.5301740096260644,
    "kurtosis": 10.599081047909529,
    "sharpe_ratio": 1.0360765960193157,
    "skew": -0.16198503485123536,
    "sortino_ratio": 1.5242943298974756
  },
  "strategy": {
    "alpha": 1.3100037606634403,
    "annual_return_ratio": 1.7243146750625158,
    "annual_volatility": 0.4790045976577306,
    "beta": 0.2935746510077985,
    "daily_winning_ratio": 0.5138837467604591,
    "kurtosis": 28.180114374201857,
    "sharpe_ratio": 2.248502355682626,
    "skew": 2.808823347398485,
    "sortino_ratio": 4.449309356220541
  }
}