{
  "benchmark": {
    "alpha": 0.0,
    "annual_return_ratio": 0.7046557627352243,
    "annual_volatility": 0.7864911839227626,
    "beta": 1.0,
    "daily_winning_ratio": 0.5295847115031238,
    "kurtosis": 10.456356550829373,
    "sharpe_ratio": 1.0313058650179099,
    "skew": -0.15168778564665306,
    "sortino_ratio": 1.5186690791487325
  },
  "strategy": {
    "alpha": 1.8794920282257888,
    "annual_return_ratio": 2.453828818164788,
    "annual_volatility": 0.6609993983089768,
    "beta": 0.43802729561090775,
    "daily_winning_ratio": 0.5248070562293274,
    "kurtosis": 15.66745747001644,
    "sharpe_ratio": 2.1398465135345237,
    "skew": 2.0407017785926356,
    "sortino_ratio": 3.977710955680476
  }
}