{
  "benchmark": {
    "alpha": 0.0,
    "annual_return_ratio": 0.8104678973715096,
    "annual_volatility": 0.7797852075476824,
    "beta": 1.0,
    "daily_winning_ratio": 0.5309701492537313,
    "kurtosis": 10.933391770993548,
    "sharpe_ratio": 1.1107603673880144,
    "skew": -0.15499885221222154,
    "sortino_ratio": 1.6414499418300916
  },
  "strategy": {
    "alpha": 1.2849151987896938,
    "annual_return_ratio": 1.6913700850746745,
    "annual_volatility": 0.5941192989739221,
    "beta": 0.3435900787976661,
    "daily_winning_ratio": 0.5328358208955224,
    "kurtosis": 20.28769268827116,
    "sharpe_ratio": 1.8933353671977984,
    "skew": 2.088098101594565,
    "sortino_ratio": 3.391120206443547
  }
}