{
  "r3": {
    "alpha": 1.8782411744600513,
    "beta": 0.44032535094416037,
    "sharpe_ratio": 2.041850603424639,
    "sortino_ratio": 3.7104878729711697,
    "annual_volatility": 0.6903183276718237,
    "annual_return_ratio": 2.36897716589889,
    "skew": 1.806923266870439,
    "kurtosis": 15.335433378300458,
    "daily_winning_ratio": 0.5351906158357771,
    "max_drawdown": 0.4031957902842841
  },
  "fof": {
    "alpha": 1.816002996274797,
    "beta": 0.29744388884437306,
    "sharpe_ratio": 2.219271395953132,
    "sortino_ratio": 4.555608366209256,
    "annual_volatility": 0.5739573121959193,
    "annual_return_ratio": 2.1644759234106674,
    "skew": 2.865458714279434,
    "kurtosis": 25.047012570785068,
    "daily_winning_ratio": 0.532624633431085,
    "max_drawdown": 0.29356578072433515
  },
  "base": {
    "alpha": 0.0,
    "beta": 1.0,
    "sharpe_ratio": 1.0134535269243587,
    "sortino_ratio": 1.4915809752166715,
    "annual_volatility": 0.7861413532212641,
    "annual_return_ratio": 0.6808075964363958,
    "skew": -0.1502254322508601,
    "kurtosis": 10.447841474082063,
    "daily_winning_ratio": 0.530425219941349,
    "max_drawdown": 0.8371658779895128
  }
}