{
  "t3": {
    "alpha": 1.8283698210579344,
    "beta": 0.4319961021331472,
    "sharpe_ratio": 2.1088326203821794,
    "sortino_ratio": 3.897171932302911,
    "annual_volatility": 0.6554978853896518,
    "annual_return_ratio": 2.3561944684847465,
    "skew": 2.0326122721846147,
    "kurtosis": 15.990356618366096,
    "daily_winning_ratio": 0.5255796834744203,
    "max_drawdown": 0.39219560385280305
  },
  "fof": {
    "alpha": 1.8366361265930968,
    "beta": 0.29953468314648457,
    "sharpe_ratio": 2.276117218296251,
    "sortino_ratio": 4.665679747065566,
    "annual_volatility": 0.5626492435962974,
    "annual_return_ratio": 2.2057319283580434,
    "skew": 2.8637717086716807,
    "kurtosis": 23.506621107650673,
    "daily_winning_ratio": 0.4965034965034965,
    "max_drawdown": 0.3488654977026413
  },
  "base": {
    "alpha": 0.0,
    "beta": 0.9999999999999999,
    "sharpe_ratio": 1.006216600229887,
    "sortino_ratio": 1.478444671977475,
    "annual_volatility": 0.7848332580360184,
    "annual_return_ratio": 0.6706342350411671,
    "skew": -0.16111152066193035,
    "kurtosis": 10.553368372968826,
    "daily_winning_ratio": 0.5311004784688995,
    "max_drawdown": 0.8371658779895128
  }
}