{
  "r3": {
    "alpha": 1.8874820721440901,
    "beta": 0.43837205985441696,
    "sharpe_ratio": 2.146510183208448,
    "sortino_ratio": 3.9917860760438266,
    "annual_volatility": 0.6609814505640231,
    "annual_return_ratio": 2.4689157939585873,
    "skew": 2.039053373977466,
    "kurtosis": 15.64828508334486,
    "daily_winning_ratio": 0.5256975036710719,
    "max_drawdown": 0.39219560385280305
  },
  "fof": {
    "alpha": 1.751461987148533,
    "beta": 0.29038408775795505,
    "sharpe_ratio": 2.290877404600858,
    "sortino_ratio": 4.888352718037297,
    "annual_volatility": 0.5456151454080009,
    "annual_return_ratio": 2.139086599476472,
    "skew": 3.225312733296187,
    "kurtosis": 26.72625205031793,
    "daily_winning_ratio": 0.5297356828193832,
    "max_drawdown": 0.27394984359948493
  },
  "base": {
    "alpha": 0.0,
    "beta": 0.9999999999999998,
    "sharpe_ratio": 1.0355088533874681,
    "sortino_ratio": 1.5250637203255086,
    "annual_volatility": 0.7861792615850757,
    "annual_return_ratio": 0.710166672362837,
    "skew": -0.15206034662586715,
    "kurtosis": 10.463185381466417,
    "daily_winning_ratio": 0.5312041116005873,
    "max_drawdown": 0.8371658779895128
  }
}