{
  "counts": {
    "total": 2097,
    "r3-0.0": 7,
    "er3-0.0": 7,
    "cash-1.0": 7,
    "switch": 412,
    "cash-0.4": 1302,
    "r3-0.3": 1302,
    "er3-0.3": 1850,
    "cash-0.2": 551,
    "r3-0.5": 548,
    "cash-0.0": 237,
    "r3-0.6": 92,
    "er3-0.4": 92,
    "r3-0.5778676683039584": 1,
    "er3-0.4221323316960416": 1,
    "r3-0.5650994575045207": 1,
    "er3-0.43490054249547927": 1,
    "r3-0.5503577325261421": 1,
    "er3-0.44964226747385794": 1,
    "r3-0.5594405594405594": 1,
    "er3-0.44055944055944063": 1,
    "r3-0.5467468562055768": 1,
    "er3-0.45325314379442316": 1,
    "r3-0.5324246619103397": 1,
    "er3-0.46757533808966034": 1,
    "r3-0.5074854097944684": 1,
    "er3-0.49251459020553157": 1,
    "r3-0.49930097862991807": 1,
    "er3-0.5006990213700819": 1,
    "r3-0.5054589567327133": 1,
    "er3-0.49454104326728665": 1,
    "r3-0.5609783462358353": 1,
    "er3-0.4390216537641647": 1,
    "r3-0.49287791414066734": 1,
    "er3-0.30712208585933265": 1,
    "r3-0.4994506043352312": 1,
    "er3-0.3005493956647688": 1,
    "r3-0.55561729081009": 1,
    "er3-0.44438270918990996": 1,
    "r3-0.5392289026691831": 1,
    "er3-0.4607710973308169": 1,
    "r3-0.5137954066690644": 1,
    "er3-0.4862045933309356": 1,
    "r3-0.5119541289100497": 1,
    "er3-0.48804587108995034": 1,
    "r3-0.4": 105,
    "er3-0.6": 105,
    "r3-0.5923468783319512": 1,
    "er3-0.4076531216680488": 1,
    "r3-0.5868200222991609": 1,
    "er3-0.41317997770083914": 1,
    "r3-0.580046403712297": 1,
    "er3-0.419953596287703": 1,
    "r3-0.556823876607829": 1,
    "er3-0.44317612339217105": 1,
    "r3-0.5477951246233909": 1,
    "er3-0.45220487537660914": 1,
    "r3-0.5502366017387477": 1,
    "er3-0.44976339826125233": 1,
    "r3-0.5428292259255239": 1,
    "er3-0.45717077407447615": 1,
    "r3-0.5264266161297115": 1,
    "er3-0.47357338387028847": 1,
    "r3-0.5963384817222255": 1,
    "er3-0.4036615182777745": 1,
    "r3-0.5682786838665681": 1,
    "er3-0.4317213161334319": 1,
    "r3-0.5526388505111909": 1,
    "er3-0.4473611494888091": 1,
    "r3-0.5500852632157984": 1,
    "er3-0.4499147367842016": 1,
    "r3-0.5430060816681147": 2,
    "er3-0.4569939183318853": 2,
    "r3-0.5194535348813049": 1,
    "er3-0.48054646511869514": 1,
    "r3-0.5182421227197347": 1,
    "er3-0.4817578772802653": 1,
    "r3-0.5582849486377848": 1,
    "er3-0.4417150513622152": 1,
    "r3-0.5690547999772377": 1,
    "er3-0.43094520002276226": 1,
    "r3-0.5413305905916743": 1,
    "er3-0.4586694094083257": 1,
    "r3-0.49185972160739755": 1,
    "er3-0.30814027839260244": 1,
    "r3-0.5951672419950006": 1,
    "er3-0.4048327580049994": 1,
    "r3-0.5788712011577424": 1,
    "er3-0.4211287988422576": 1,
    "r3-0.556049822064057": 1,
    "er3-0.44395017793594305": 1,
    "r3-0.5867511588335387": 1,
    "er3-0.4132488411664613": 1,
    "r3-0.5840439201027917": 1,
    "er3-0.4159560798972083": 1,
    "r3-0.561955605507165": 1,
    "er3-0.43804439449283505": 1,
    "r3-0.4126629860213791": 1,
    "er3-0.5873370139786209": 1
  }
}