{
  "benchmark": {
    "alpha": 0.0,
    "annual_return_ratio": 0.8054319648933734,
    "annual_volatility": 0.7799109644538768,
    "beta": 0.9999999999999999,
    "daily_winning_ratio": 0.5308779761904762,
    "kurtosis": 10.891763087372242,
    "sharpe_ratio": 1.1071061102243172,
    "skew": -0.15369039704144816,
    "sortino_ratio": 1.635973680104433
  },
  "strategy": {
    "alpha": 2.078520240174835,
    "annual_return_ratio": 2.730977534994245,
    "annual_volatility": 0.6317455555123855,
    "beta": 0.4050402046957662,
    "daily_winning_ratio": 0.5438988095238095,
    "kurtosis": 12.521680766524376,
    "sharpe_ratio": 2.3362451154983006,
    "skew": 1.5480929889500028,
    "sortino_ratio": 4.210657137860706
  }
}