{
  "benchmark": {
    "alpha": 0.0,
    "annual_return_ratio": 0.6887853781694793,
    "annual_volatility": 0.7850856512618599,
    "beta": 1.0,
    "daily_winning_ratio": 0.5297377170299225,
    "kurtosis": 10.581183615462953,
    "sharpe_ratio": 1.0199407795103377,
    "skew": -0.16153215271768778,
    "sortino_ratio": 1.4995542026506197
  },
  "strategy": {
    "alpha": 1.9344729025824012,
    "annual_return_ratio": 2.4630279707695033,
    "annual_volatility": 0.6752230042013786,
    "beta": 0.4362357544258381,
    "daily_winning_ratio": 0.523088289619505,
    "kurtosis": 15.542108983040846,
    "sharpe_ratio": 2.1140108511008164,
    "skew": 1.7942934628620304,
    "sortino_ratio": 3.844423184516035
  }
}