{
  "t4": {
    "alpha": 1.9603841470659042,
    "beta": 0.4431087383005714,
    "sharpe_ratio": 2.1778049668925763,
    "sortino_ratio": 4.041550246703407,
    "annual_volatility": 0.6643386269555251,
    "annual_return_ratio": 2.5591029847149676,
    "skew": 2.001796641189184,
    "kurtosis": 15.362750476163088,
    "daily_winning_ratio": 0.5265486725663717,
    "max_drawdown": 0.39219560385280305
  },
  "fof": {
    "alpha": 1.7825329348227141,
    "beta": 0.2830159337594881,
    "sharpe_ratio": 2.2760101565997384,
    "sortino_ratio": 4.836873176774045,
    "annual_volatility": 0.5512478819066368,
    "annual_return_ratio": 2.144518007015875,
    "skew": 3.1725431138264737,
    "kurtosis": 26.08023703771935,
    "daily_winning_ratio": 0.7511061946902655,
    "max_drawdown": 0.27670064092671076
  },
  "base": {
    "alpha": 0.0,
    "beta": 1.0,
    "sharpe_ratio": 1.0349271633430681,
    "sortino_ratio": 1.5222121430421163,
    "annual_volatility": 0.7847302563134183,
    "annual_return_ratio": 0.7086017446722135,
    "skew": -0.16292849003759058,
    "kurtosis": 10.582000022871965,
    "daily_winning_ratio": 0.5317109144542773,
    "max_drawdown": 0.8371658779895128
  }
}