{
  "t3": {
    "alpha": 1.8544096851324028,
    "beta": 0.43118874124864187,
    "sharpe_ratio": 2.12983192820989,
    "sortino_ratio": 3.94527773540451,
    "annual_volatility": 0.655000795473815,
    "annual_return_ratio": 2.4001575363344587,
    "skew": 2.04116825957939,
    "kurtosis": 16.040407138044145,
    "daily_winning_ratio": 0.5259668508287293,
    "max_drawdown": 0.39219560385280305
  },
  "fof": {
    "alpha": 1.7155973504825348,
    "beta": 0.2869510038337021,
    "sharpe_ratio": 2.2677062158386927,
    "sortino_ratio": 4.829476814275355,
    "annual_volatility": 0.5422893330517106,
    "annual_return_ratio": 2.0817666077385306,
    "skew": 3.2456851143943353,
    "kurtosis": 27.23127263054847,
    "daily_winning_ratio": 0.5049723756906077,
    "max_drawdown": 0.2739493714030925
  },
  "base": {
    "alpha": 0.0,
    "beta": 1.0,
    "sharpe_ratio": 1.0185876512240841,
    "sortino_ratio": 1.4973224910622112,
    "annual_volatility": 0.784757120638013,
    "annual_return_ratio": 0.6868811726727737,
    "skew": -0.16174744949736697,
    "kurtosis": 10.56675084573173,
    "daily_winning_ratio": 0.5314917127071823,
    "max_drawdown": 0.8371658779895128
  }
}