{
  "t4": {
    "alpha": 1.95518561172126,
    "beta": 0.4400561119633081,
    "sharpe_ratio": 2.1128929494200777,
    "sortino_ratio": 3.8425703773025996,
    "annual_volatility": 0.6809855371185078,
    "annual_return_ratio": 2.4897872927797726,
    "skew": 1.7979972306549148,
    "kurtosis": 15.58556506960224,
    "daily_winning_ratio": 0.5254612546125461,
    "max_drawdown": 0.40056746532156373
  },
  "fof": {
    "alpha": 1.9969347124727665,
    "beta": 0.2772761617206644,
    "sharpe_ratio": 2.350810042200569,
    "sortino_ratio": 4.929968389117669,
    "annual_volatility": 0.5623984635023765,
    "annual_return_ratio": 2.3422064272287706,
    "skew": 2.994076685306562,
    "kurtosis": 25.901837457480998,
    "daily_winning_ratio": 0.8247232472324724,
    "max_drawdown": 0.27319198021419444
  },
  "base": {
    "alpha": 0.0,
    "beta": 0.9999999999999998,
    "sharpe_ratio": 1.0240530316163463,
    "sortino_ratio": 1.5058611878033596,
    "annual_volatility": 0.7848337867414572,
    "annual_return_ratio": 0.6941466221979544,
    "skew": -0.16172800256038805,
    "kurtosis": 10.584099886016869,
    "daily_winning_ratio": 0.5313653136531366,
    "max_drawdown": 0.8371658779895128
  }
}