{
  "r3": {
    "alpha": 1.73737117219879,
    "beta": 0.4871657777367813,
    "sharpe_ratio": 2.235037165364662,
    "sortino_ratio": 4.191326902438315,
    "annual_volatility": 0.6902431562869671,
    "annual_return_ratio": 2.853847306249003,
    "skew": 2.110991978318524,
    "kurtosis": 16.965671216389385,
    "daily_winning_ratio": 0.5373878364905285,
    "max_drawdown": 0.4004388241809572
  },
  "er3": {
    "alpha": 4.557164644442011,
    "beta": 0.13979611366088313,
    "sharpe_ratio": 2.321451893905567,
    "sortino_ratio": 4.471861307723054,
    "annual_volatility": 0.8065875919053931,
    "annual_return_ratio": 3.9456124313195193,
    "skew": 2.4342362718888695,
    "kurtosis": 21.15103410682624,
    "daily_winning_ratio": 0.543369890329013,
    "max_drawdown": 0.47292841493444493
  },
  "fof": {
    "alpha": 3.5898568247139417,
    "beta": 0.20162446508848972,
    "sharpe_ratio": 2.983927948360822,
    "sortino_ratio": 6.7300566678434235,
    "annual_volatility": 0.5858650052428394,
    "annual_return_ratio": 4.0502773881379746,
    "skew": 3.1293201902238086,
    "kurtosis": 24.684689190738645,
    "daily_winning_ratio": 0.6281156530408774,
    "max_drawdown": 0.29440009121521016
  },
  "btc": {
    "alpha": 0.0,
    "beta": 1.0,
    "sharpe_ratio": 1.3574293464287168,
    "sortino_ratio": 2.0217964786768152,
    "annual_volatility": 0.8080088448546566,
    "annual_return_ratio": 1.2268796549977599,
    "skew": -0.1841902012550456,
    "kurtosis": 10.93133236765795,
    "daily_winning_ratio": 0.5483549351944168,
    "max_drawdown": 0.8371658779895128
  },
  "eth": {
    "alpha": 2.099923172778594,
    "beta": 0.8107308394078321,
    "sharpe_ratio": 1.7565784427553726,
    "sortino_ratio": 2.8239309918461384,
    "annual_volatility": 1.151303133475324,
    "annual_return_ratio": 3.0429883118814685,
    "skew": 0.3424699866307693,
    "kurtosis": 4.893343276866865,
    "daily_winning_ratio": 0.5139581256231306,
    "max_drawdown": 0.9408001486786897
  }
}