{
  "t4": {
    "alpha": 1.9682907070554223,
    "beta": 0.439884806088974,
    "sharpe_ratio": 2.148542470262902,
    "sortino_ratio": 3.9348341086400977,
    "annual_volatility": 0.6734132009706083,
    "annual_return_ratio": 2.5363785391881266,
    "skew": 1.875136670133093,
    "kurtosis": 15.711714179652228,
    "daily_winning_ratio": 0.5272861356932154,
    "max_drawdown": 0.40057890762647874
  },
  "fof": {
    "alpha": 1.5676040311218848,
    "beta": 0.24860570836293672,
    "sharpe_ratio": 2.299218589425628,
    "sortino_ratio": 4.893274480973563,
    "annual_volatility": 0.4984713597002891,
    "annual_return_ratio": 1.8949643923251336,
    "skew": 3.1571391001247617,
    "kurtosis": 26.350724712547702,
    "daily_winning_ratio": 0.7525811209439528,
    "max_drawdown": 0.2480120412118857
  },
  "base": {
    "alpha": 0.0,
    "beta": 1.0,
    "sharpe_ratio": 1.0349271633430681,
    "sortino_ratio": 1.5222121430421163,
    "annual_volatility": 0.7847302563134183,
    "annual_return_ratio": 0.7086017446722135,
    "skew": -0.16292849003759058,
    "kurtosis": 10.582000022871965,
    "daily_winning_ratio": 0.5317109144542773,
    "max_drawdown": 0.8371658779895128
  }
}