{
  "t4": {
    "alpha": 1.686386769736143,
    "beta": 0.451432022547274,
    "sharpe_ratio": 2.052294399316209,
    "sortino_ratio": 3.8013391678834854,
    "annual_volatility": 0.658948871699611,
    "annual_return_ratio": 2.251114867365695,
    "skew": 2.0862241071754446,
    "kurtosis": 16.368525922004466,
    "daily_winning_ratio": 0.5247232472324723,
    "max_drawdown": 0.4175122749590835
  },
  "fof": {
    "alpha": 1.738497363414877,
    "beta": 0.286726676033032,
    "sharpe_ratio": 2.283591935499629,
    "sortino_ratio": 4.8339754756530295,
    "annual_volatility": 0.5426741811875868,
    "annual_return_ratio": 2.110426753048841,
    "skew": 3.2564969274650446,
    "kurtosis": 28.149152293256666,
    "daily_winning_ratio": 0.8298892988929889,
    "max_drawdown": 0.3289851705943616
  },
  "base": {
    "alpha": 0.0,
    "beta": 0.9999999999999998,
    "sharpe_ratio": 1.0240530316163463,
    "sortino_ratio": 1.5058611878033596,
    "annual_volatility": 0.7848337867414572,
    "annual_return_ratio": 0.6941466221979544,
    "skew": -0.16172800256038805,
    "kurtosis": 10.584099886016869,
    "daily_winning_ratio": 0.5313653136531366,
    "max_drawdown": 0.8371658779895128
  }
}