{
  "benchmark": {
    "alpha": 0.0,
    "annual_return_ratio": 0.6887853781694793,
    "annual_volatility": 0.7850856512618599,
    "beta": 1.0,
    "daily_winning_ratio": 0.5297377170299225,
    "kurtosis": 10.581183615462953,
    "sharpe_ratio": 1.0199407795103377,
    "skew": -0.16153215271768778,
    "sortino_ratio": 1.4995542026506197
  },
  "strategy": {
    "alpha": 1.9399159931933463,
    "annual_return_ratio": 2.467904211406983,
    "annual_volatility": 0.6755203782461106,
    "beta": 0.4359303884852455,
    "daily_winning_ratio": 0.523088289619505,
    "kurtosis": 15.50913451554399,
    "sharpe_ratio": 2.1154696788058764,
    "skew": 1.7912987170316597,
    "sortino_ratio": 3.8461191099183125
  }
}