{
  "fiat": {
    "alpha": -0.035843665807902325,
    "beta": 0.0,
    "sharpe_ratio": -7.047177834197308e+16,
    "sortino_ratio": -19.10497317454281,
    "annual_volatility": 0.0,
    "annual_return_ratio": 0.0,
    "skew": 0,
    "kurtosis": 0,
    "daily_winning_ratio": 1.0,
    "max_drawdown": 0.0
  },
  "t4": {
    "alpha": 2.365904099752606,
    "beta": 0.5705033645403838,
    "sharpe_ratio": 2.2417489954740413,
    "sortino_ratio": 3.8720387689746363,
    "annual_volatility": 0.7621200168082474,
    "annual_return_ratio": 3.3031787496437293,
    "skew": 1.1140768918579635,
    "kurtosis": 8.570865555540513,
    "daily_winning_ratio": 0.5439642324888226,
    "max_drawdown": 0.4817747151050461
  },
  "fof": {
    "alpha": 2.4340683257950118,
    "beta": 0.39002737856740516,
    "sharpe_ratio": 2.4267322841568633,
    "sortino_ratio": 4.604935084584861,
    "annual_volatility": 0.6480790371100046,
    "annual_return_ratio": 3.0745058256236755,
    "skew": 1.9307982689581904,
    "kurtosis": 14.884278000617986,
    "daily_winning_ratio": 0.7369597615499255,
    "max_drawdown": 0.31262459534390585
  },
  "base": {
    "alpha": 0.0,
    "beta": 1.0,
    "sharpe_ratio": 1.1070416035412052,
    "sortino_ratio": 1.6360400391267274,
    "annual_volatility": 0.7802211961349849,
    "annual_return_ratio": 0.8055161564329432,
    "skew": -0.15344807456106935,
    "kurtosis": 10.889866495972928,
    "daily_winning_ratio": 0.5324143070044709,
    "max_drawdown": 0.8371658779895128
  }
}