{
  "er3": {
    "alpha": 1.7275714888589655,
    "beta": 0.2797245476402936,
    "sharpe_ratio": 2.2270754550144543,
    "sortino_ratio": 4.693733678838063,
    "annual_volatility": 0.7054506979624119,
    "annual_return_ratio": 2.9534890721123555,
    "skew": 3.6432423590457543,
    "kurtosis": 34.114362035361594,
    "daily_winning_ratio": 0.5591612581128308,
    "max_drawdown": 0.4374068983587006
  },
  "fof": {
    "alpha": 1.2159364613977002,
    "beta": 0.222546513079811,
    "sharpe_ratio": 2.0476630625393284,
    "sortino_ratio": 4.4270009941924,
    "annual_volatility": 0.6090290894332041,
    "annual_return_ratio": 2.0337755868327925,
    "skew": 4.125491819773181,
    "kurtosis": 44.38324859517094,
    "daily_winning_ratio": 0.5476784822765851,
    "max_drawdown": 0.45968580623565214
  },
  "base": {
    "alpha": 0.0,
    "beta": 1.0,
    "sharpe_ratio": 1.7589542672928784,
    "sortino_ratio": 2.828834746590089,
    "annual_volatility": 1.150962770549241,
    "annual_return_ratio": 3.0532674862428726,
    "skew": 0.34387685423475334,
    "kurtosis": 4.909894293788382,
    "daily_winning_ratio": 0.5137294058911632,
    "max_drawdown": 0.9408001486786897
  }
}