{
  "benchmark": {
    "alpha": 0.0,
    "annual_return_ratio": 0.6383690667655779,
    "annual_volatility": 0.7770596564863506,
    "beta": 1.0,
    "daily_winning_ratio": 0.5300825796303579,
    "kurtosis": 11.520704964890422,
    "sharpe_ratio": 0.9839350830865566,
    "skew": -0.1994320055030489,
    "sortino_ratio": 1.4405309316632187
  },
  "strategy": {
    "alpha": 2.7394163333869654,
    "annual_return_ratio": 2.7521995150465544,
    "annual_volatility": 0.7072331733468266,
    "beta": 0.27112697207851116,
    "daily_winning_ratio": 0.520251671254424,
    "kurtosis": 13.67151926299695,
    "sharpe_ratio": 2.16139838239264,
    "skew": 1.7720221611256908,
    "sortino_ratio": 3.921914046328534
  }
}