{
  "r3": {
    "alpha": 2.0313626801458318,
    "beta": 0.035994503545484,
    "sharpe_ratio": 2.146510183208448,
    "sortino_ratio": 3.9917860760438266,
    "annual_volatility": 0.6609814505640231,
    "annual_return_ratio": 2.4689157939585873,
    "skew": 2.039053373977466,
    "kurtosis": 15.64828508334486,
    "daily_winning_ratio": 0.5256975036710719,
    "max_drawdown": 0.39219560385280305
  },
  "fof": {
    "alpha": 2.1839084347693314,
    "beta": 0.03966416832806641,
    "sharpe_ratio": 2.290877404600858,
    "sortino_ratio": 4.888352718037297,
    "annual_volatility": 0.5456151454080009,
    "annual_return_ratio": 2.139086599476472,
    "skew": 3.225312733296187,
    "kurtosis": 26.72625205031793,
    "daily_winning_ratio": 0.5297356828193832,
    "max_drawdown": 0.27394984359948493
  },
  "base": {
    "alpha": 0.0,
    "beta": 1.0,
    "sharpe_ratio": 1.1843410409392192,
    "sortino_ratio": 1.8496751225201291,
    "annual_volatility": 0.9437327663852104,
    "annual_return_ratio": 1.043598152211366,
    "skew": 0.30899395023093146,
    "kurtosis": 1.3515202684172443,
    "daily_winning_ratio": 0.5089820359281437,
    "max_drawdown": 0.4756258441436064
  }
}