{
  "benchmark": {
    "alpha": 0.0,
    "annual_return_ratio": 0.7129212748307718,
    "annual_volatility": 0.7864566810727215,
    "beta": 1.0,
    "daily_winning_ratio": 0.529757531227039,
    "kurtosis": 10.45417025315469,
    "sharpe_ratio": 1.0374763907730666,
    "skew": -0.15237004607560017,
    "sortino_ratio": 1.5279692787670949
  },
  "strategy": {
    "alpha": 0.9309468933626757,
    "annual_return_ratio": 1.299984104313959,
    "annual_volatility": 0.4125138900961355,
    "beta": 0.27140918067063347,
    "daily_winning_ratio": 0.523879500367377,
    "kurtosis": 14.774201562868425,
    "sharpe_ratio": 2.133394672472189,
    "skew": 2.0112985830588475,
    "sortino_ratio": 3.978047410176974
  }
}