{
  "benchmark": {
    "alpha": 0.0,
    "annual_return_ratio": 0.6887853781694793,
    "annual_volatility": 0.7850856512618599,
    "beta": 1.0,
    "daily_winning_ratio": 0.5297377170299225,
    "kurtosis": 10.581183615462953,
    "sharpe_ratio": 1.0199407795103377,
    "skew": -0.16153215271768778,
    "sortino_ratio": 1.4995542026506197
  },
  "strategy": {
    "alpha": 1.2259162080216797,
    "annual_return_ratio": 1.702715111535659,
    "annual_volatility": 0.538893922738437,
    "beta": 0.3733082741167175,
    "daily_winning_ratio": 0.5271518285925378,
    "kurtosis": 19.059664245073215,
    "sharpe_ratio": 2.0411614960765596,
    "skew": 1.828587155832997,
    "sortino_ratio": 3.668540427061636
  }
}