{
  "benchmark": {
    "alpha": 0.0,
    "annual_return_ratio": 0.7992359154145334,
    "annual_volatility": 0.7801497811404426,
    "beta": 0.9999999999999999,
    "daily_winning_ratio": 0.5308641975308642,
    "kurtosis": 10.938890358101503,
    "sharpe_ratio": 1.1026492029577084,
    "skew": -0.15629611648501285,
    "sortino_ratio": 1.6285234550371839
  },
  "strategy": {
    "alpha": 1.8944020174286647,
    "annual_return_ratio": 2.4400550302791166,
    "annual_volatility": 0.8968813734966129,
    "beta": 0.6196175515846272,
    "daily_winning_ratio": 0.5394687616909839,
    "kurtosis": 9.734856894383238,
    "sharpe_ratio": 1.780995678617759,
    "skew": 0.7247014228650748,
    "sortino_ratio": 2.8804963740130836
  }
}