{
  "r1": {
    "alpha": 0.35857475580827103,
    "beta": 0.14065089579924353,
    "sharpe_ratio": 1.928900296920567,
    "sortino_ratio": 3.537592820764178,
    "annual_volatility": 0.21617968229596293,
    "annual_return_ratio": 0.5376030046073654,
    "skew": 1.9540306759718467,
    "kurtosis": 14.814227640746626,
    "daily_winning_ratio": 0.5375320395459539,
    "max_drawdown": 0.13832582582582587
  },
  "fof": {
    "alpha": 0.30475265009027774,
    "beta": 0.09700183119530244,
    "sharpe_ratio": 1.8566289652497692,
    "sortino_ratio": 3.842860943573048,
    "annual_volatility": 0.1843480987203776,
    "annual_return_ratio": 0.4361100982598225,
    "skew": 3.127861066617847,
    "kurtosis": 25.447421806141534,
    "daily_winning_ratio": 0.5404613694617356,
    "max_drawdown": 0.11309170132699553
  },
  "base": {
    "alpha": 0.0,
    "beta": 0.9999999999999998,
    "sharpe_ratio": 0.9977486452634965,
    "sortino_ratio": 1.46636133869101,
    "annual_volatility": 0.7868657412992718,
    "annual_return_ratio": 0.6603790193169876,
    "skew": -0.15493441053212686,
    "kurtosis": 10.404489091461716,
    "daily_winning_ratio": 0.5305748809959722,
    "max_drawdown": 0.8371658779895128
  }
}