{
  "r3": {
    "alpha": 1.87882898470217,
    "beta": 0.44032551452662183,
    "sharpe_ratio": 2.0425630616321118,
    "sortino_ratio": 3.7117839101158716,
    "annual_volatility": 0.6901920879599033,
    "annual_return_ratio": 2.370043942592657,
    "skew": 1.807198495324548,
    "kurtosis": 15.341984691451067,
    "daily_winning_ratio": 0.535360938072554,
    "max_drawdown": 0.4031957902842841
  },
  "fof": {
    "alpha": 1.8148260325210304,
    "beta": 0.2974435539826687,
    "sharpe_ratio": 2.218977406680778,
    "sortino_ratio": 4.555012842278367,
    "annual_volatility": 0.5738531467814059,
    "annual_return_ratio": 2.163394164719165,
    "skew": 2.8660768146325246,
    "kurtosis": 25.057492336635406,
    "daily_winning_ratio": 0.532795895932576,
    "max_drawdown": 0.29356578072433515
  },
  "base": {
    "alpha": 0.0,
    "beta": 1.0,
    "sharpe_ratio": 1.0137232180654399,
    "sortino_ratio": 1.4919778403719757,
    "annual_volatility": 0.7859972732146127,
    "annual_return_ratio": 0.6811109817479903,
    "skew": -0.15026610774640167,
    "kurtosis": 10.452765639743342,
    "daily_winning_ratio": 0.5305972883840234,
    "max_drawdown": 0.8371658779895128
  }
}