{
  "t3": {
    "alpha": 0.9715369640737821,
    "beta": 0.31376777596773175,
    "sharpe_ratio": 2.134924743166468,
    "sortino_ratio": 3.732788111097996,
    "annual_volatility": 0.4457145859342969,
    "annual_return_ratio": 1.43479430745308,
    "skew": 1.5144829618398927,
    "kurtosis": 14.393337373054106,
    "daily_winning_ratio": 0.5448455526609601,
    "max_drawdown": 0.270709273158963
  },
  "fof": {
    "alpha": 0.832322105947096,
    "beta": 0.19775953905798507,
    "sharpe_ratio": 2.2130331174887754,
    "sortino_ratio": 4.270849644368163,
    "annual_volatility": 0.35137209036355704,
    "annual_return_ratio": 1.1243434024660863,
    "skew": 2.621357967863923,
    "kurtosis": 24.964106469625598,
    "daily_winning_ratio": 0.721622627465575,
    "max_drawdown": 0.19580497902189165
  },
  "base": {
    "alpha": 0.0,
    "beta": 1.0,
    "sharpe_ratio": 1.1120609490565836,
    "sortino_ratio": 1.6435959162214713,
    "annual_volatility": 0.7798782912427316,
    "annual_return_ratio": 0.812388315409424,
    "skew": -0.15410171863116345,
    "kurtosis": 10.898953692194446,
    "daily_winning_ratio": 0.5325641979903237,
    "max_drawdown": 0.8371658779895128
  }
}