{
  "benchmark": {
    "alpha": 0.0,
    "annual_return_ratio": 0.7089393476520793,
    "annual_volatility": 0.7848745639764326,
    "beta": 1.0,
    "daily_winning_ratio": 0.5300627074880118,
    "kurtosis": 10.577044301946984,
    "sharpe_ratio": 1.035135687819893,
    "skew": -0.16296139590685166,
    "sortino_ratio": 1.52251805247884
  },
  "strategy": {
    "alpha": 1.96192591687075,
    "annual_return_ratio": 2.561097269191254,
    "annual_volatility": 0.6644737998731396,
    "beta": 0.4430942650329721,
    "daily_winning_ratio": 0.5252674289929915,
    "kurtosis": 15.35410124258656,
    "sharpe_ratio": 2.1783388868244287,
    "skew": 2.001103800799319,
    "sortino_ratio": 4.04249090206855
  }
}