{
  "benchmark": {
    "alpha": 0.0,
    "annual_return_ratio": 0.772388508821412,
    "annual_volatility": 0.7811030377553476,
    "beta": 1.0000000000000002,
    "daily_winning_ratio": 0.5308550185873606,
    "kurtosis": 10.834830880979151,
    "sharpe_ratio": 1.083035236629184,
    "skew": -0.16147537189551278,
    "sortino_ratio": 1.5970624525626012
  },
  "strategy": {
    "alpha": 1.1749061407962986,
    "annual_return_ratio": 1.698922436019016,
    "annual_volatility": 0.5004236115603862,
    "beta": 0.35515604368039544,
    "daily_winning_ratio": 0.5241635687732342,
    "kurtosis": 23.841069002837543,
    "sharpe_ratio": 2.1546977892852723,
    "skew": 2.4033841700257574,
    "sortino_ratio": 4.069877935569542
  }
}