{
  "r2": {
    "alpha": 0.8508135790803419,
    "beta": 0.27301467345844893,
    "sharpe_ratio": 1.9941346474175004,
    "sortino_ratio": 3.6424614324510602,
    "annual_volatility": 0.416464867449738,
    "annual_return_ratio": 1.185243268917462,
    "skew": 1.904806321941823,
    "kurtosis": 14.808206922234,
    "daily_winning_ratio": 0.5331380446722812,
    "max_drawdown": 0.25814713415172663
  },
  "fof": {
    "alpha": 0.8465045301580629,
    "beta": 0.18563404962801563,
    "sharpe_ratio": 2.160156896605549,
    "sortino_ratio": 4.532458278276164,
    "annual_volatility": 0.35161805421095005,
    "annual_return_ratio": 1.086987268170457,
    "skew": 3.093523484727948,
    "kurtosis": 25.025900373422996,
    "daily_winning_ratio": 0.5265470523617722,
    "max_drawdown": 0.19938046998317782
  },
  "base": {
    "alpha": 0.0,
    "beta": 0.9999999999999998,
    "sharpe_ratio": 0.9977486452634965,
    "sortino_ratio": 1.46636133869101,
    "annual_volatility": 0.7868657412992718,
    "annual_return_ratio": 0.6603790193169876,
    "skew": -0.15493441053212686,
    "kurtosis": 10.404489091461716,
    "daily_winning_ratio": 0.5305748809959722,
    "max_drawdown": 0.8371658779895128
  }
}