{
  "t4": {
    "alpha": 1.7926683366864204,
    "beta": 0.5579391242840257,
    "sharpe_ratio": 1.9033884310241564,
    "sortino_ratio": 3.419802357475558,
    "annual_volatility": 0.7613375884925875,
    "annual_return_ratio": 2.3371888423250926,
    "skew": 1.620794890750772,
    "kurtosis": 9.869102213566356,
    "daily_winning_ratio": 0.5269168026101142,
    "max_drawdown": 0.4817747151050461
  },
  "eth": {
    "alpha": 0.2445601401304931,
    "beta": 0.998728536111801,
    "sharpe_ratio": 0.9711454783178803,
    "sortino_ratio": 1.4125477217470765,
    "annual_volatility": 1.0007497235923029,
    "annual_return_ratio": 0.6416205599462685,
    "skew": -0.35395509974387596,
    "kurtosis": 5.91093113986288,
    "daily_winning_ratio": 0.5212071778140294,
    "max_drawdown": 0.9399936302044125
  },
  "fof": {
    "alpha": 6.607015810390466e+76,
    "beta": 36.70057151789003,
    "sharpe_ratio": 0.5489284251684371,
    "sortino_ratio": 533.009539326992,
    "annual_volatility": 465.02883857995283,
    "annual_return_ratio": 24.755307837578187,
    "skew": 35.014120072126616,
    "kurtosis": 1225.9923964999173,
    "daily_winning_ratio": 0.6566068515497553,
    "max_drawdown": 0.41371228604552013
  },
  "base": {
    "alpha": 0.0,
    "beta": 1.0,
    "sharpe_ratio": 0.9356131361074872,
    "sortino_ratio": 1.3544977219801104,
    "annual_volatility": 0.8058720587405874,
    "annual_return_ratio": 0.5751314937758532,
    "skew": -0.6205712191364393,
    "kurtosis": 14.053358227237263,
    "daily_winning_ratio": 0.531810766721044,
    "max_drawdown": 0.8150493898895991
  }
}