{
  "benchmark": {
    "alpha": 0.0,
    "annual_return_ratio": 0.6944763023023777,
    "annual_volatility": 0.7849782293222964,
    "beta": 1.0000000000000002,
    "daily_winning_ratio": 0.5297157622739018,
    "kurtosis": 10.579138864345977,
    "sharpe_ratio": 1.024259683444226,
    "skew": -0.16176051723682522,
    "sortino_ratio": 1.5061642967512696
  },
  "strategy": {
    "alpha": 1.966397971125867,
    "annual_return_ratio": 2.5207082867280626,
    "annual_volatility": 0.6736123277671567,
    "beta": 0.4397354860558837,
    "daily_winning_ratio": 0.5252860834256183,
    "kurtosis": 15.712440075434571,
    "sharpe_ratio": 2.1414787054587117,
    "skew": 1.8758666992290982,
    "sortino_ratio": 3.9207993371150884
  }
}