{
  "t4": {
    "alpha": 2.366654093097951,
    "beta": 0.570585379996956,
    "sharpe_ratio": 2.24579656484718,
    "sortino_ratio": 3.879240860699238,
    "annual_volatility": 0.7617756350451647,
    "annual_return_ratio": 3.3141811647667465,
    "skew": 1.1139089778971352,
    "kurtosis": 8.578174533847633,
    "daily_winning_ratio": 0.544101228135467,
    "max_drawdown": 0.4817747151050461
  },
  "fof": {
    "alpha": 2.4298123513788537,
    "beta": 0.39009735288301034,
    "sharpe_ratio": 2.4280777525503354,
    "sortino_ratio": 4.607677977733926,
    "annual_volatility": 0.6478002603125128,
    "annual_return_ratio": 3.0759949589165387,
    "skew": 1.9311469312335807,
    "kurtosis": 14.895005164404488,
    "daily_winning_ratio": 0.7368812802381839,
    "max_drawdown": 0.31262459534390585
  },
  "base": {
    "alpha": 0.0,
    "beta": 1.0,
    "sharpe_ratio": 1.1120609490565836,
    "sortino_ratio": 1.6435959162214713,
    "annual_volatility": 0.7798782912427316,
    "annual_return_ratio": 0.812388315409424,
    "skew": -0.15410171863116345,
    "kurtosis": 10.898953692194446,
    "daily_winning_ratio": 0.5325641979903237,
    "max_drawdown": 0.8371658779895128
  }
}