{
  "r2": {
    "alpha": 0.9099342084663113,
    "beta": 0.2698850347671265,
    "sharpe_ratio": 2.122310215065364,
    "sortino_ratio": 3.9555860248538264,
    "annual_volatility": 0.41231793462025423,
    "annual_return_ratio": 1.288748089089172,
    "skew": 2.0146066561603906,
    "kurtosis": 14.809438126754644,
    "daily_winning_ratio": 0.5279206465833945,
    "max_drawdown": 0.25570615914038897
  },
  "fof": {
    "alpha": 0.8047476311894861,
    "beta": 0.17842197983575914,
    "sharpe_ratio": 2.1486910071429226,
    "sortino_ratio": 4.5305999791065865,
    "annual_volatility": 0.3416513730809052,
    "annual_return_ratio": 1.0414838589229456,
    "skew": 3.237035836921691,
    "kurtosis": 27.215724895056677,
    "daily_winning_ratio": 0.5378398236590742,
    "max_drawdown": 0.17491910971663893
  },
  "base": {
    "alpha": 0.0,
    "beta": 1.0,
    "sharpe_ratio": 1.0155139546831948,
    "sortino_ratio": 1.493911149698466,
    "annual_volatility": 0.7857005700103515,
    "annual_return_ratio": 0.683292937892038,
    "skew": -0.15421852941847042,
    "kurtosis": 10.499008668474644,
    "daily_winning_ratio": 0.5310547592796766,
    "max_drawdown": 0.8371658779895128
  }
}