{
  "r3": {
    "alpha": 1.9251803028852335,
    "beta": 0.4391174350926058,
    "sharpe_ratio": 2.0736862339660838,
    "sortino_ratio": 3.7828729276246515,
    "annual_volatility": 0.6893947041253476,
    "annual_return_ratio": 2.4394143474482024,
    "skew": 1.8229472048252664,
    "kurtosis": 15.407935823641363,
    "daily_winning_ratio": 0.5357798165137615,
    "max_drawdown": 0.4031957902842841
  },
  "fof": {
    "alpha": 1.9715304095621868,
    "beta": 0.2982861102087446,
    "sharpe_ratio": 2.305455349806176,
    "sortino_ratio": 4.7620890111535745,
    "annual_volatility": 0.5775925183629521,
    "annual_return_ratio": 2.34567092274416,
    "skew": 2.833026846917587,
    "kurtosis": 24.31931356483587,
    "daily_winning_ratio": 0.5236697247706422,
    "max_drawdown": 0.30748221986561897
  },
  "base": {
    "alpha": 0.0,
    "beta": 0.9999999999999998,
    "sharpe_ratio": 1.0272386755749119,
    "sortino_ratio": 1.5125143188659853,
    "annual_volatility": 0.7862323243453657,
    "annual_return_ratio": 0.6991256256311409,
    "skew": -0.1512729354548347,
    "kurtosis": 10.455025715548835,
    "daily_winning_ratio": 0.5310091743119266,
    "max_drawdown": 0.8371658779895128
  }
}