{
  "benchmark": {
    "alpha": 0.0,
    "annual_return_ratio": 0.8252361443446443,
    "annual_volatility": 0.7805376506853811,
    "beta": 1.0,
    "daily_winning_ratio": 0.5322276667923106,
    "kurtosis": 10.997626683581295,
    "sharpe_ratio": 1.1209975977841762,
    "skew": -0.16362847466410882,
    "sortino_ratio": 1.6550243228134063
  },
  "strategy": {
    "alpha": 1.9893783419241524,
    "annual_return_ratio": 2.623302964652127,
    "annual_volatility": 0.6681175844410595,
    "beta": 0.42718232274466666,
    "daily_winning_ratio": 0.5446664153788164,
    "kurtosis": 13.009806555772641,
    "sharpe_ratio": 2.200939133975004,
    "skew": 1.3128870837855264,
    "sortino_ratio": 3.8104161543907304
  }
}