{
  "benchmark": {
    "alpha": 0.0,
    "annual_return_ratio": 0.6913866785427147,
    "annual_volatility": 0.7858970660141067,
    "beta": 1.0,
    "daily_winning_ratio": 0.5294334069168506,
    "kurtosis": 10.4998071898208,
    "sharpe_ratio": 1.0215739100816688,
    "skew": -0.15461352905046558,
    "sortino_ratio": 1.5031899182060309
  },
  "strategy": {
    "alpha": 1.8582498974226733,
    "annual_return_ratio": 2.4135103987159767,
    "annual_volatility": 0.6582778885906165,
    "beta": 0.4350202083050479,
    "daily_winning_ratio": 0.5246504782928624,
    "kurtosis": 15.848999708802864,
    "sharpe_ratio": 2.128248088359348,
    "skew": 2.0422803710449258,
    "sortino_ratio": 3.9488398560861384
  }
}