{
  "benchmark": {
    "alpha": 0.0,
    "annual_return_ratio": 0.772388508821412,
    "annual_volatility": 0.7811030377553476,
    "beta": 1.0000000000000002,
    "daily_winning_ratio": 0.5308550185873606,
    "kurtosis": 10.834830880979151,
    "sharpe_ratio": 1.083035236629184,
    "skew": -0.16147537189551278,
    "sortino_ratio": 1.5970624525626012
  },
  "strategy": {
    "alpha": 1.2257850700119524,
    "annual_return_ratio": 1.6740530181410156,
    "annual_volatility": 0.47922118039896855,
    "beta": 0.3043503076905359,
    "daily_winning_ratio": 0.5178438661710038,
    "kurtosis": 28.2576773451123,
    "sharpe_ratio": 2.208700617842644,
    "skew": 2.8192953988213847,
    "sortino_ratio": 4.365260395998783
  }
}