{
  "r1": {
    "alpha": 0.21847516817547308,
    "beta": 0.09541794692749103,
    "sharpe_ratio": 1.7608335665333645,
    "sortino_ratio": 3.1672949151023366,
    "annual_volatility": 0.15601579570111931,
    "annual_return_ratio": 0.3485733673726319,
    "skew": 1.7459610405685866,
    "kurtosis": 17.156743928941445,
    "daily_winning_ratio": 0.5511926605504587,
    "max_drawdown": 0.11305595408895264
  },
  "fof": {
    "alpha": 0.11054417150326779,
    "beta": 0.062225666168534075,
    "sharpe_ratio": 1.2554011869900932,
    "sortino_ratio": 2.3613144169111493,
    "annual_volatility": 0.12356340983559295,
    "annual_return_ratio": 0.2020560892274934,
    "skew": 2.76811632030111,
    "kurtosis": 33.06522041357522,
    "daily_winning_ratio": 0.6,
    "max_drawdown": 0.08437728701192482
  },
  "base": {
    "alpha": 0.0,
    "beta": 0.9999999999999998,
    "sharpe_ratio": 1.0272386755749119,
    "sortino_ratio": 1.5125143188659853,
    "annual_volatility": 0.7862323243453657,
    "annual_return_ratio": 0.6991256256311409,
    "skew": -0.1512729354548347,
    "kurtosis": 10.455025715548835,
    "daily_winning_ratio": 0.5310091743119266,
    "max_drawdown": 0.8371658779895128
  }
}