{
  "t3": {
    "alpha": 1.882997571445415,
    "beta": 0.4303535489356941,
    "sharpe_ratio": 2.153656998219591,
    "sortino_ratio": 3.9982060798709695,
    "annual_volatility": 0.654642127864041,
    "annual_return_ratio": 2.451671144229364,
    "skew": 2.04722394847441,
    "kurtosis": 16.08609697854576,
    "daily_winning_ratio": 0.5261799410029498,
    "max_drawdown": 0.39219560385280305
  },
  "fof": {
    "alpha": 1.733221128223923,
    "beta": 0.27117972437146987,
    "sharpe_ratio": 2.2686775163881285,
    "sortino_ratio": 4.860880445264318,
    "annual_volatility": 0.5408889255452262,
    "annual_return_ratio": 2.0760296162640923,
    "skew": 3.2810547193187443,
    "kurtosis": 27.56381360768201,
    "daily_winning_ratio": 0.7533185840707964,
    "max_drawdown": 0.273178840358109
  },
  "base": {
    "alpha": 0.0,
    "beta": 1.0,
    "sharpe_ratio": 1.0349271633430681,
    "sortino_ratio": 1.5222121430421163,
    "annual_volatility": 0.7847302563134183,
    "annual_return_ratio": 0.7086017446722135,
    "skew": -0.16292849003759058,
    "kurtosis": 10.582000022871965,
    "daily_winning_ratio": 0.5317109144542773,
    "max_drawdown": 0.8371658779895128
  }
}