{
  "r2": {
    "alpha": 0.9933213576704558,
    "beta": 0.022603894252874384,
    "sharpe_ratio": 2.1293273980251817,
    "sortino_ratio": 3.9702587017451387,
    "annual_volatility": 0.41238275252343903,
    "annual_return_ratio": 1.2956184362102294,
    "skew": 2.0124600302346294,
    "kurtosis": 14.784470833057043,
    "daily_winning_ratio": 0.5279001468428781,
    "max_drawdown": 0.25570615914038897
  },
  "fof": {
    "alpha": 1.0588391491619058,
    "beta": 0.023794324683531595,
    "sharpe_ratio": 2.1567043351095267,
    "sortino_ratio": 4.549810453751694,
    "annual_volatility": 0.3417784608237887,
    "annual_return_ratio": 1.0475405764340966,
    "skew": 3.232087307173175,
    "kurtosis": 27.147479792098594,
    "daily_winning_ratio": 0.5378120411160059,
    "max_drawdown": 0.17491910971663893
  },
  "base": {
    "alpha": 0.0,
    "beta": 1.0,
    "sharpe_ratio": 1.1843410409392192,
    "sortino_ratio": 1.8496751225201291,
    "annual_volatility": 0.9437327663852104,
    "annual_return_ratio": 1.043598152211366,
    "skew": 0.30899395023093146,
    "kurtosis": 1.3515202684172443,
    "daily_winning_ratio": 0.5089820359281437,
    "max_drawdown": 0.4756258441436064
  }
}