{
  "benchmark": {
    "alpha": 0.0,
    "annual_return_ratio": 0.7992359154145334,
    "annual_volatility": 0.7801497811404426,
    "beta": 0.9999999999999999,
    "daily_winning_ratio": 0.5308641975308642,
    "kurtosis": 10.938890358101503,
    "sharpe_ratio": 1.1026492029577084,
    "skew": -0.15629611648501285,
    "sortino_ratio": 1.6285234550371839
  },
  "strategy": {
    "alpha": 2.3884935688845954,
    "annual_return_ratio": 3.320069407293734,
    "annual_volatility": 0.7628518926927483,
    "beta": 0.5702183301086144,
    "daily_winning_ratio": 0.5432098765432098,
    "kurtosis": 8.567866438792855,
    "sharpe_ratio": 2.2454525203087217,
    "skew": 1.1143753466654838,
    "sortino_ratio": 3.8792389611757416
  }
}