{
  "benchmark": {
    "alpha": 0.0,
    "annual_return_ratio": 0.6442177745127426,
    "annual_volatility": 0.7767264916684353,
    "beta": 1.0000000000000002,
    "daily_winning_ratio": 0.5302435192458759,
    "kurtosis": 11.52876453011314,
    "sharpe_ratio": 0.9886123751615908,
    "skew": -0.19999381756064474,
    "sortino_ratio": 1.4475149511785925
  },
  "strategy": {
    "alpha": 2.6900411051612534,
    "annual_return_ratio": 3.639200508023521,
    "annual_volatility": 0.8118673726515557,
    "beta": 0.6666234434858741,
    "daily_winning_ratio": 0.5396700706991359,
    "kurtosis": 9.906071396037241,
    "sharpe_ratio": 2.2415771276351313,
    "skew": 1.3437181676086123,
    "sortino_ratio": 3.946972296131446
  }
}