{
  "counts": {
    "total": 1844,
    "cash-1.0": 290,
    "switch": 350,
    "399006-0.3333333333333333": 280,
    "399932-0.3333333333333333": 335,
    "cash-0.3333333333333333": 120,
    "000827-0.3333333333333333": 230,
    "399324-0.3333333333333333": 305,
    "931066-0.3333333333333333": 305,
    "000913-0.3333333333333333": 305,
    "000819-0.3333333333333333": 340,
    "000819-0.5": 10,
    "cash-0.5": 160,
    "399998-0.3333333333333333": 324,
    "399324-0.5": 20,
    "399973-0.3333333333333333": 325,
    "399006-0.5": 5,
    "399987-0.3333333333333333": 440,
    "399987-0.5": 25,
    "399976-0.3333333333333333": 345,
    "399973-0.5": 25,
    "399998-0.5": 10,
    "000913-0.5": 35,
    "000827-0.5": 5,
    "399932-0.5": 5,
    "399296-0.3333333333333333": 70,
    "931066-0.5": 5,
    "990001-0.3333333333333333": 145,
    "990001-0.5": 10,
    "931087-0.3333333333333333": 55,
    "399976-0.5": 5,
    "000688-0.3333333333333333": 80,
    "930606-0.3333333333333333": 45,
    "980032-0.3333333333333333": 90,
    "931151-0.3333333333333333": 19,
    "930598-0.3333333333333333": 24
  }
}