{
  "r3": {
    "alpha": 1.7841997155112708,
    "beta": 0.4889391528842986,
    "sharpe_ratio": 2.250501658594362,
    "sortino_ratio": 4.223547923754742,
    "annual_volatility": 0.6902925055158559,
    "annual_return_ratio": 2.8953836608810084,
    "skew": 2.1111961817168208,
    "kurtosis": 16.971796693317422,
    "daily_winning_ratio": 0.5379241516966068,
    "max_drawdown": 0.37433722086689003
  },
  "er3": {
    "alpha": 4.661922658922083,
    "beta": 0.14188680408236087,
    "sharpe_ratio": 2.346036752213212,
    "sortino_ratio": 4.530423471967746,
    "annual_volatility": 0.8061001686138398,
    "annual_return_ratio": 4.040662645400142,
    "skew": 2.4419171859563287,
    "kurtosis": 21.21263486328092,
    "daily_winning_ratio": 0.5439121756487026,
    "max_drawdown": 0.47292841493444493
  },
  "fof": {
    "alpha": 3.655363565113249,
    "beta": 0.2031830519831284,
    "sharpe_ratio": 3.0065911005675248,
    "sortino_ratio": 6.800974831954121,
    "annual_volatility": 0.585621470463626,
    "annual_return_ratio": 4.114550532581186,
    "skew": 3.13632939342445,
    "kurtosis": 24.7381982574346,
    "daily_winning_ratio": 0.6287425149700598,
    "max_drawdown": 0.29440009121521016
  },
  "btc": {
    "alpha": 0.0,
    "beta": 1.0,
    "sharpe_ratio": 1.3371486900925045,
    "sortino_ratio": 1.9900043451723282,
    "annual_volatility": 0.8077683641340776,
    "annual_return_ratio": 1.1904518818018128,
    "skew": -0.1839265320877882,
    "kurtosis": 10.956573200953981,
    "daily_winning_ratio": 0.5479041916167665,
    "max_drawdown": 0.8371658779895128
  },
  "eth": {
    "alpha": 2.0959288225014037,
    "beta": 0.8103970185859586,
    "sharpe_ratio": 1.7432410433289316,
    "sortino_ratio": 2.8013087974120725,
    "annual_volatility": 1.1513922556764797,
    "annual_return_ratio": 2.9818237121712046,
    "skew": 0.3437183281238386,
    "kurtosis": 4.898335198217117,
    "daily_winning_ratio": 0.5134730538922155,
    "max_drawdown": 0.9408001486786897
  }
}