{
  "benchmark": {
    "alpha": 0.0,
    "annual_return_ratio": 0.8415264800171747,
    "annual_volatility": 0.7814549436000964,
    "beta": 1.0000000000000002,
    "daily_winning_ratio": 0.532004599463396,
    "kurtosis": 11.126975750620398,
    "sharpe_ratio": 1.1320868529751227,
    "skew": -0.16640776402954782,
    "sortino_ratio": 1.6721039389732903
  },
  "strategy": {
    "alpha": 1.0937827250569576,
    "annual_return_ratio": 1.5875906263832635,
    "annual_volatility": 0.44525489454120776,
    "beta": 0.3080906902938416,
    "daily_winning_ratio": 0.5454197010348792,
    "kurtosis": 14.752586772769082,
    "sharpe_ratio": 2.2734865119638794,
    "skew": 1.578300528877555,
    "sortino_ratio": 4.0329723243197
  }
}