{
  "benchmark": {
    "alpha": 0.0,
    "annual_return_ratio": 0.465948749624955,
    "annual_volatility": 0.7680042047654027,
    "beta": 1.0,
    "daily_winning_ratio": 0.5230909922267947,
    "kurtosis": 5.693902488318414,
    "sharpe_ratio": 0.8340299172009507,
    "skew": 0.2279931846237062,
    "sortino_ratio": 1.2315722090900019
  },
  "strategy": {
    "alpha": 3.579564493780622,
    "annual_return_ratio": 4.121179763590166,
    "annual_volatility": 0.8012985993818561,
    "beta": 0.6002009062497167,
    "daily_winning_ratio": 0.5400091449474166,
    "kurtosis": 10.448305834190663,
    "sharpe_ratio": 2.3826719661175373,
    "skew": 1.543082059082836,
    "sortino_ratio": 4.332885948068643
  }
}