{
  "t4": {
    "alpha": 1.3091790001909147,
    "beta": 0.29357396901335614,
    "sharpe_ratio": 2.248012036512696,
    "sortino_ratio": 4.4485606622985,
    "annual_volatility": 0.47890852963312247,
    "annual_return_ratio": 1.7232118235104306,
    "skew": 2.809854956680896,
    "kurtosis": 28.193696251452067,
    "daily_winning_ratio": 0.5569948186528497,
    "max_drawdown": 0.30874691527282694
  },
  "fof": {
    "alpha": 1.1211934516879825,
    "beta": 0.21790154471117865,
    "sharpe_ratio": 2.208858502396402,
    "sortino_ratio": 4.758455745724845,
    "annual_volatility": 0.42101189300851605,
    "annual_return_ratio": 1.4137963274804206,
    "skew": 3.886288455437571,
    "kurtosis": 43.72677953157777,
    "daily_winning_ratio": 0.8675055514433753,
    "max_drawdown": 0.27342968335234896
  },
  "base": {
    "alpha": 0.0,
    "beta": 1.0,
    "sharpe_ratio": 1.0358671319451918,
    "sortino_ratio": 1.523986964152423,
    "annual_volatility": 0.785061075312387,
    "annual_return_ratio": 0.7099928359987391,
    "skew": -0.16195177440918063,
    "kurtosis": 10.604063196691666,
    "daily_winning_ratio": 0.5318282753515914,
    "max_drawdown": 0.8371658779895128
  }
}