{
  "r3": {
    "alpha": 1.6980066901243989,
    "beta": 0.45188394916818536,
    "sharpe_ratio": 1.9617647615474454,
    "sortino_ratio": 3.5000057923730497,
    "annual_volatility": 0.686652518051212,
    "annual_return_ratio": 2.171093812410661,
    "skew": 1.6989985536242076,
    "kurtosis": 15.346712533661327,
    "daily_winning_ratio": 0.5307692307692308,
    "max_drawdown": 0.39380060521796023
  },
  "fof": {
    "alpha": 1.6313518502640907,
    "beta": 0.2935671047907557,
    "sharpe_ratio": 2.1764919716061093,
    "sortino_ratio": 4.530627005867682,
    "annual_volatility": 0.5505324636209301,
    "annual_return_ratio": 1.9731519928103411,
    "skew": 3.1333110775371074,
    "kurtosis": 26.54889514658114,
    "daily_winning_ratio": 0.53003663003663,
    "max_drawdown": 0.37522583753462846
  },
  "base": {
    "alpha": 0.0,
    "beta": 1.0000000000000002,
    "sharpe_ratio": 0.9931838682989811,
    "sortino_ratio": 1.4595442579892643,
    "annual_volatility": 0.7869514151356923,
    "annual_return_ratio": 0.6544640488008091,
    "skew": -0.1543350368000044,
    "kurtosis": 10.403366947906942,
    "daily_winning_ratio": 0.5304029304029304,
    "max_drawdown": 0.8371658779895128
  }
}