{
  "t2": {
    "alpha": 0.4002167555512446,
    "beta": 0.16218450405464446,
    "sharpe_ratio": 2.0530161866888883,
    "sortino_ratio": 3.612791047918901,
    "annual_volatility": 0.23255561311993206,
    "annual_return_ratio": 0.6273480956567448,
    "skew": 1.6686992832837229,
    "kurtosis": 16.185781394251585,
    "daily_winning_ratio": 0.5496836620766654,
    "max_drawdown": 0.1441182842287695
  },
  "fof": {
    "alpha": 0.3262795901852815,
    "beta": 0.1004863102955297,
    "sharpe_ratio": 2.022294996013334,
    "sortino_ratio": 3.9298187514833947,
    "annual_volatility": 0.18278043630826876,
    "annual_return_ratio": 0.4762849439546539,
    "skew": 2.848210443496119,
    "kurtosis": 28.19840791548184,
    "daily_winning_ratio": 0.7480461481205806,
    "max_drawdown": 0.1034834980292616
  },
  "base": {
    "alpha": 0.0,
    "beta": 1.0,
    "sharpe_ratio": 1.1120609490565836,
    "sortino_ratio": 1.6435959162214713,
    "annual_volatility": 0.7798782912427316,
    "annual_return_ratio": 0.812388315409424,
    "skew": -0.15410171863116345,
    "kurtosis": 10.898953692194446,
    "daily_winning_ratio": 0.5325641979903237,
    "max_drawdown": 0.8371658779895128
  }
}