{
  "r3": {
    "alpha": 1.6439115260153265,
    "beta": 0.44228956238797634,
    "sharpe_ratio": 1.9731791471499067,
    "sortino_ratio": 3.5588772026447573,
    "annual_volatility": 0.6712285589554692,
    "annual_return_ratio": 2.134112051342454,
    "skew": 1.8535266661974494,
    "kurtosis": 15.530047539156403,
    "daily_winning_ratio": 0.5321637426900585,
    "max_drawdown": 0.4004388000320708
  },
  "fof": {
    "alpha": 1.7433959871288818,
    "beta": 0.2922152580772233,
    "sharpe_ratio": 2.2491477322608624,
    "sortino_ratio": 4.742503175268329,
    "annual_volatility": 0.5523992181614102,
    "annual_return_ratio": 2.104340083156299,
    "skew": 3.1393840231177084,
    "kurtosis": 25.98118030734974,
    "daily_winning_ratio": 0.5237573099415205,
    "max_drawdown": 0.29740400750172735
  },
  "btc": {
    "alpha": 0.0,
    "beta": 1.0000000000000004,
    "sharpe_ratio": 1.0074550869020582,
    "sortino_ratio": 1.4804489242469119,
    "annual_volatility": 0.7874977788387215,
    "annual_return_ratio": 0.6733044692485111,
    "skew": -0.15742246770259496,
    "kurtosis": 10.350125032547812,
    "daily_winning_ratio": 0.5310672514619883,
    "max_drawdown": 0.8371658779895128
  }
}