{
  "t4": {
    "alpha": 1.2251847168059702,
    "beta": 0.3732870947371294,
    "sharpe_ratio": 2.040713506991007,
    "sortino_ratio": 3.6677906816094783,
    "annual_volatility": 0.5387859493815168,
    "annual_return_ratio": 1.701624034064272,
    "skew": 1.8292003115509272,
    "kurtosis": 19.06904438254311,
    "daily_winning_ratio": 0.5291728212703102,
    "max_drawdown": 0.2889203039406255
  },
  "fof": {
    "alpha": 1.2989246652597624,
    "beta": 0.24121906134576734,
    "sharpe_ratio": 2.2420418966659277,
    "sortino_ratio": 4.513583289509413,
    "annual_volatility": 0.45782857455472803,
    "annual_return_ratio": 1.6149109020474652,
    "skew": 2.984521964465058,
    "kurtosis": 34.18685614462924,
    "daily_winning_ratio": 0.8312407680945347,
    "max_drawdown": 0.2571960028740157
  },
  "base": {
    "alpha": 0.0,
    "beta": 1.0,
    "sharpe_ratio": 1.0197347825604215,
    "sortino_ratio": 1.4992520991828748,
    "annual_volatility": 0.7849410785184202,
    "annual_return_ratio": 0.6884586610869894,
    "skew": -0.16149982476834446,
    "kurtosis": 10.586149372729846,
    "daily_winning_ratio": 0.5313884785819794,
    "max_drawdown": 0.8371658779895128
  }
}