{
  "benchmark": {
    "alpha": 0.0,
    "annual_return_ratio": 0.6944763023023777,
    "annual_volatility": 0.7849782293222964,
    "beta": 1.0000000000000002,
    "daily_winning_ratio": 0.5297157622739018,
    "kurtosis": 10.579138864345977,
    "sharpe_ratio": 1.024259683444226,
    "skew": -0.16176051723682522,
    "sortino_ratio": 1.5061642967512696
  },
  "strategy": {
    "alpha": 1.956611025243952,
    "annual_return_ratio": 2.49166559485383,
    "annual_volatility": 0.6811218481079904,
    "beta": 0.4400686966684625,
    "daily_winning_ratio": 0.5230712440014765,
    "kurtosis": 15.577912284326928,
    "sharpe_ratio": 2.113395422069004,
    "skew": 1.797393891689369,
    "sortino_ratio": 3.843430318353891
  }
}