{
  "benchmark": {
    "alpha": 0.0,
    "annual_return_ratio": 0.7992359154145334,
    "annual_volatility": 0.7801497811404426,
    "beta": 0.9999999999999999,
    "daily_winning_ratio": 0.5308641975308642,
    "kurtosis": 10.938890358101503,
    "sharpe_ratio": 1.1026492029577084,
    "skew": -0.15629611648501285,
    "sortino_ratio": 1.6285234550371839
  },
  "strategy": {
    "alpha": 1.0307342784272047,
    "annual_return_ratio": 1.8450873760638151,
    "annual_volatility": 0.6503910797131258,
    "beta": 0.5887748639356378,
    "daily_winning_ratio": 0.5361017583239805,
    "kurtosis": 11.777072313544451,
    "sharpe_ratio": 1.8689801609761774,
    "skew": 1.5215395666035156,
    "sortino_ratio": 3.2375678783492092
  }
}