{
  "t3": {
    "alpha": 1.8283698210579344,
    "beta": 0.4319961021331472,
    "sharpe_ratio": 2.1088326203821794,
    "sortino_ratio": 3.897171932302911,
    "annual_volatility": 0.6554978853896518,
    "annual_return_ratio": 2.3561944684847465,
    "skew": 2.0326122721846147,
    "kurtosis": 15.990356618366096,
    "daily_winning_ratio": 0.5255796834744203,
    "max_drawdown": 0.39219560385280305
  },
  "fof": {
    "alpha": 1.7177267871243806,
    "beta": 0.28684965311045735,
    "sharpe_ratio": 2.2646712511669773,
    "sortino_ratio": 4.8228563642851725,
    "annual_volatility": 0.542107394462608,
    "annual_return_ratio": 2.075737231756562,
    "skew": 3.2471322507584612,
    "kurtosis": 27.252134494876046,
    "daily_winning_ratio": 0.5046006624953994,
    "max_drawdown": 0.2739493714030925
  },
  "base": {
    "alpha": 0.0,
    "beta": 0.9999999999999999,
    "sharpe_ratio": 1.006216600229887,
    "sortino_ratio": 1.478444671977475,
    "annual_volatility": 0.7848332580360184,
    "annual_return_ratio": 0.6706342350411671,
    "skew": -0.16111152066193035,
    "kurtosis": 10.553368372968826,
    "daily_winning_ratio": 0.5311004784688995,
    "max_drawdown": 0.8371658779895128
  }
}