{
  "r3": {
    "alpha": 1.9351145512661345,
    "beta": 0.4381560938221715,
    "sharpe_ratio": 2.140936344660917,
    "sortino_ratio": 3.9065756389750694,
    "annual_volatility": 0.6643495329303879,
    "annual_return_ratio": 2.471333645943047,
    "skew": 1.9052939198486216,
    "kurtosis": 15.862256058190614,
    "daily_winning_ratio": 0.5485170267301355,
    "max_drawdown": 0.38158216997305916
  },
  "fof": {
    "alpha": 1.7367240832674438,
    "beta": 0.28993069551158507,
    "sharpe_ratio": 2.265507134621574,
    "sortino_ratio": 4.783977974090905,
    "annual_volatility": 0.5454735673210697,
    "annual_return_ratio": 2.095028920853005,
    "skew": 3.200309295907902,
    "kurtosis": 27.005446073965796,
    "daily_winning_ratio": 0.5422922006590992,
    "max_drawdown": 0.2826339199381164
  },
  "base": {
    "alpha": 0.0,
    "beta": 0.9999999999999998,
    "sharpe_ratio": 0.9977486452634965,
    "sortino_ratio": 1.46636133869101,
    "annual_volatility": 0.7868657412992718,
    "annual_return_ratio": 0.6603790193169876,
    "skew": -0.15493441053212686,
    "kurtosis": 10.404489091461716,
    "daily_winning_ratio": 0.5305748809959722,
    "max_drawdown": 0.8371658779895128
  }
}