{
  "t2": {
    "alpha": 1.1398281232100569,
    "beta": 0.30858012744929025,
    "sharpe_ratio": 2.144966503988751,
    "sortino_ratio": 3.9919732278568425,
    "annual_volatility": 0.4718622195659586,
    "annual_return_ratio": 1.5589503955206672,
    "skew": 2.0243502264457494,
    "kurtosis": 15.30942224604278,
    "daily_winning_ratio": 0.5283923303834809,
    "max_drawdown": 0.29204077499493697
  },
  "fof": {
    "alpha": 1.0477137682005435,
    "beta": 0.1963078986521393,
    "sharpe_ratio": 2.2290016784344933,
    "sortino_ratio": 4.777832665152132,
    "annual_volatility": 0.3933856702779074,
    "annual_return_ratio": 1.3123698780185307,
    "skew": 3.2854641537556195,
    "kurtosis": 27.366027255681466,
    "daily_winning_ratio": 0.7669616519174042,
    "max_drawdown": 0.19967686960497955
  },
  "base": {
    "alpha": 0.0,
    "beta": 1.0,
    "sharpe_ratio": 1.0349271633430681,
    "sortino_ratio": 1.5222121430421163,
    "annual_volatility": 0.7847302563134183,
    "annual_return_ratio": 0.7086017446722135,
    "skew": -0.16292849003759058,
    "kurtosis": 10.582000022871965,
    "daily_winning_ratio": 0.5317109144542773,
    "max_drawdown": 0.8371658779895128
  }
}