{
  "t4": {
    "alpha": 1.9682907070554223,
    "beta": 0.439884806088974,
    "sharpe_ratio": 2.148542470262902,
    "sortino_ratio": 3.9348341086400977,
    "annual_volatility": 0.6734132009706083,
    "annual_return_ratio": 2.5363785391881266,
    "skew": 1.875136670133093,
    "kurtosis": 15.711714179652228,
    "daily_winning_ratio": 0.5272861356932154,
    "max_drawdown": 0.40057890762647874
  },
  "fof": {
    "alpha": 1.8630928894844905,
    "beta": 0.2762303944340135,
    "sharpe_ratio": 2.3069948934463826,
    "sortino_ratio": 4.911269460498841,
    "annual_volatility": 0.5538621107654983,
    "annual_return_ratio": 2.2133432515683795,
    "skew": 3.157266551235268,
    "kurtosis": 26.351064254876885,
    "daily_winning_ratio": 0.7525811209439528,
    "max_drawdown": 0.273178840358109
  },
  "base": {
    "alpha": 0.0,
    "beta": 1.0,
    "sharpe_ratio": 1.0349271633430681,
    "sortino_ratio": 1.5222121430421163,
    "annual_volatility": 0.7847302563134183,
    "annual_return_ratio": 0.7086017446722135,
    "skew": -0.16292849003759058,
    "kurtosis": 10.582000022871965,
    "daily_winning_ratio": 0.5317109144542773,
    "max_drawdown": 0.8371658779895128
  }
}