{
  "r3": {
    "alpha": 4.951495875282016e+241,
    "beta": 54.90744340118516,
    "sharpe_ratio": 0.36637085637983585,
    "sortino_ratio": 3588.4822288759683,
    "annual_volatility": 3701.449636030597,
    "annual_return_ratio": 10.810392082437623,
    "skew": 52.20152982642999,
    "kurtosis": 2724.9998107428546,
    "daily_winning_ratio": 0.535045871559633,
    "max_drawdown": 0.4032072554128914
  },
  "fof": {
    "alpha": 8.718148804730314e+48,
    "beta": 5.740353234766873,
    "sharpe_ratio": 0.36953705493014505,
    "sortino_ratio": 493.5991208883533,
    "annual_volatility": 369.8110324615401,
    "annual_return_ratio": 7.315886702396652,
    "skew": 52.201343681221864,
    "kurtosis": 2724.986849156793,
    "daily_winning_ratio": 0.5328440366972477,
    "max_drawdown": 0.29355622197525044
  },
  "base": {
    "alpha": 0.0,
    "beta": 0.9999999999999998,
    "sharpe_ratio": 1.0272386755749119,
    "sortino_ratio": 1.5125143188659853,
    "annual_volatility": 0.7862323243453657,
    "annual_return_ratio": 0.6991256256311409,
    "skew": -0.1512729354548347,
    "kurtosis": 10.455025715548835,
    "daily_winning_ratio": 0.5310091743119266,
    "max_drawdown": 0.8371658779895128
  }
}