{
  "t3": {
    "alpha": 1.8569627065673915,
    "beta": 0.43501896192157513,
    "sharpe_ratio": 2.1277645327633925,
    "sortino_ratio": 3.9479795038784835,
    "annual_volatility": 0.6581516018466579,
    "annual_return_ratio": 2.4117861604989765,
    "skew": 2.0428356437976496,
    "kurtosis": 15.85661341014535,
    "daily_winning_ratio": 0.5255608679661641,
    "max_drawdown": 0.39219560385280305
  },
  "fof": {
    "alpha": 1.7181746838323053,
    "beta": 0.2865927647801042,
    "sharpe_ratio": 2.272097505844535,
    "sortino_ratio": 4.838707693241109,
    "annual_volatility": 0.5419374294901347,
    "annual_return_ratio": 2.087180005583873,
    "skew": 3.2469459845429305,
    "kurtosis": 27.266576350321056,
    "daily_winning_ratio": 0.5296064729680029,
    "max_drawdown": 0.27394984359948493
  },
  "base": {
    "alpha": 0.0,
    "beta": 1.0,
    "sharpe_ratio": 1.0213684608163747,
    "sortino_ratio": 1.5028883733792815,
    "annual_volatility": 0.7857529308969953,
    "annual_return_ratio": 0.6910598243092214,
    "skew": -0.15457998097123737,
    "kurtosis": 10.504723640059494,
    "daily_winning_ratio": 0.5310776020595808,
    "max_drawdown": 0.8371658779895128
  }
}