{
  "benchmark": {
    "alpha": 0.0,
    "annual_return_ratio": 0.8054319648933734,
    "annual_volatility": 0.7799109644538768,
    "beta": 0.9999999999999999,
    "daily_winning_ratio": 0.5308779761904762,
    "kurtosis": 10.891763087372242,
    "sharpe_ratio": 1.1071061102243172,
    "skew": -0.15369039704144816,
    "sortino_ratio": 1.635973680104433
  },
  "strategy": {
    "alpha": 2.568042869119497,
    "annual_return_ratio": 3.356818238009252,
    "annual_volatility": 0.675136890821513,
    "beta": 0.4455609671617347,
    "daily_winning_ratio": 0.5435267857142857,
    "kurtosis": 11.025446536588282,
    "sharpe_ratio": 2.4572102870592962,
    "skew": 1.4585004806753106,
    "sortino_ratio": 4.458027579426566
  }
}