{
  "r3": {
    "alpha": 2.4298209998066995,
    "beta": 0.33382313231655697,
    "sharpe_ratio": 2.39951788514429,
    "sortino_ratio": 4.8049405915688315,
    "annual_volatility": 0.6671063154380397,
    "annual_return_ratio": 3.152171931294026,
    "skew": 2.5966775719826116,
    "kurtosis": 21.226574524730026,
    "daily_winning_ratio": 0.5628115653040877,
    "max_drawdown": 0.40043878746306594
  },
  "er3": {
    "alpha": 4.557164644442011,
    "beta": 0.13979611366088313,
    "sharpe_ratio": 2.321451893905567,
    "sortino_ratio": 4.471861307723054,
    "annual_volatility": 0.8065875919053931,
    "annual_return_ratio": 3.9456124313195193,
    "skew": 2.4342362718888695,
    "kurtosis": 21.15103410682624,
    "daily_winning_ratio": 0.543369890329013,
    "max_drawdown": 0.47292841493444493
  },
  "fof": {
    "alpha": 3.5107255901560936,
    "beta": 0.1578080128912999,
    "sharpe_ratio": 2.895963144570486,
    "sortino_ratio": 6.547368306838309,
    "annual_volatility": 0.5810354601094436,
    "annual_return_ratio": 3.744674387781913,
    "skew": 3.2293894283780142,
    "kurtosis": 25.930511299496118,
    "daily_winning_ratio": 0.6266201395812563,
    "max_drawdown": 0.2831166051304813
  },
  "btc": {
    "alpha": 0.0,
    "beta": 1.0,
    "sharpe_ratio": 1.3574293464287168,
    "sortino_ratio": 2.0217964786768152,
    "annual_volatility": 0.8080088448546566,
    "annual_return_ratio": 1.2268796549977599,
    "skew": -0.1841902012550456,
    "kurtosis": 10.93133236765795,
    "daily_winning_ratio": 0.5483549351944168,
    "max_drawdown": 0.8371658779895128
  },
  "eth": {
    "alpha": 2.099923172778594,
    "beta": 0.8107308394078321,
    "sharpe_ratio": 1.7565784427553726,
    "sortino_ratio": 2.8239309918461384,
    "annual_volatility": 1.151303133475324,
    "annual_return_ratio": 3.0429883118814685,
    "skew": 0.3424699866307693,
    "kurtosis": 4.893343276866865,
    "daily_winning_ratio": 0.5139581256231306,
    "max_drawdown": 0.9408001486786897
  }
}