{
  "benchmark": {
    "alpha": 0.0,
    "annual_return_ratio": 0.6944763023023777,
    "annual_volatility": 0.7849782293222964,
    "beta": 1.0000000000000002,
    "daily_winning_ratio": 0.5297157622739018,
    "kurtosis": 10.579138864345977,
    "sharpe_ratio": 1.024259683444226,
    "skew": -0.16176051723682522,
    "sortino_ratio": 1.5061642967512696
  },
  "strategy": {
    "alpha": 1.687421941046551,
    "annual_return_ratio": 2.252591510834978,
    "annual_volatility": 0.6590810196516277,
    "beta": 0.4514489395747443,
    "daily_winning_ratio": 0.5208564045773348,
    "kurtosis": 16.360065114901186,
    "sharpe_ratio": 2.052702102894293,
    "skew": 2.085534674880889,
    "sortino_ratio": 3.802021569924238
  }
}