{
  "benchmark": {
    "alpha": 0.0,
    "annual_return_ratio": 0.04074548747675655,
    "annual_volatility": 0.0885489116332412,
    "beta": 1.0,
    "daily_winning_ratio": 0.5207678883071554,
    "kurtosis": 6.090494764441537,
    "sharpe_ratio": 0.08320979918805557,
    "skew": -0.8018031999048074,
    "sortino_ratio": 0.11164528516030706
  },
  "strategy": {
    "alpha": 0.002400800936820602,
    "annual_return_ratio": 0.04296799576963428,
    "annual_volatility": 0.07579903227038395,
    "beta": 0.8213761530891008,
    "daily_winning_ratio": 0.5207678883071554,
    "kurtosis": 7.188672192135829,
    "sharpe_ratio": 0.11147825235192359,
    "skew": -0.7138683222467224,
    "sortino_ratio": 0.15131925212110833
  }
}