{
  "closes": {
    "macd_down_cross": [
      1240416000000,
      1242921600000,
      1248969600000,
      1249488000000,
      1254153600000,
      1259251200000,
      1263225600000,
      1263398400000,
      1271692800000,
      1277913600000,
      1282665600000,
      1284307200000,
      1289404800000,
      1293465600000,
      1295280000000,
      1300204800000,
      1303315200000,
      1308585600000,
      1311609600000,
      1315238400000,
      1316707200000,
      1319385600000,
      1321804800000,
      1331222400000,
      1337097600000,
      1342454400000,
      1343059200000,
      1345478400000,
      1348416000000,
      1351526400000,
      1359043200000,
      1361289600000,
      1370448000000,
      1380211200000,
      1387123200000,
      1393344000000,
      1398355200000,
      1408377600000,
      1410883200000,
      1413302400000,
      1420992000000,
      1425830400000,
      1430841600000,
      1433088000000,
      1434470400000,
      1440345600000,
      1448380800000,
      1451836800000,
      1461168000000,
      1469635200000,
      1472400000000,
      1481040000000,
      1488729600000,
      1492444800000,
      1499875200000,
      1500307200000,
      1501084800000,
      1505318400000,
      1511798400000,
      1517414400000,
      1521993600000,
      1524758400000,
      1527609600000,
      1528646400000,
      1528992000000,
      1533484800000,
      1536595200000,
      1539273600000,
      1543248000000,
      1544457600000,
      1544976000000,
      1552492800000,
      1555344000000,
      1560096000000,
      1562860800000,
      1564675200000,
      1569254400000,
      1573574400000,
      1579622400000,
      1583942400000,
      1590336000000,
      1595520000000,
      1603814400000,
      1604246400000
    ],
    "pnl": [
      1420387200000,
      1429632000000
    ]
  },
  "closes_count": {
    "daily_end": 2865,
    "daily_end_win": 1492,
    "macd_down_cross": 84,
    "macd_down_cross_win": 40,
    "month_end": 79,
    "month_end_win": 45,
    "pnl": 2,
    "pnl_win": 2
  },
  "current_margin_value": 13912.843284200017,
  "dollar_retracement": 0.14323449755903217,
  "dollar_retracement_at": 1453852800000,
  "init_total_margin_value": 10000.0,
  "nm_statistic": {
    "btc_daily_return": {
      "max": 0.02,
      "mean": 0.0,
      "median": 0.0,
      "min": -0.03,
      "std": 0.0
    },
    "btc_max_month_retracement": {
      "max": 0.1,
      "mean": 0.03,
      "median": 0.02,
      "min": 0.0,
      "std": 0.02
    },
    "btc_month_return": {
      "max": 0.1,
      "mean": 0.0,
      "median": 0.0,
      "min": -0.08,
      "std": 0.03
    },
    "fiat_daily_return": {
      "max": 0.02,
      "mean": 0.0,
      "median": 0.0,
      "min": -0.03,
      "std": 0.0
    },
    "fiat_max_month_retracement": {
      "max": 0.08,
      "mean": 0.02,
      "median": 0.02,
      "min": 0.0,
      "std": 0.02
    },
    "fiat_month_return": {
      "max": 0.08,
      "mean": 0.0,
      "median": 0.0,
      "min": -0.06,
      "std": 0.03
    }
  }
}