{
  "benchmark": {
    "alpha": 0.0,
    "annual_return_ratio": 0.8104678973715096,
    "annual_volatility": 0.7797852075476824,
    "beta": 1.0,
    "daily_winning_ratio": 0.5309701492537313,
    "kurtosis": 10.933391770993548,
    "sharpe_ratio": 1.1107603673880144,
    "skew": -0.15499885221222154,
    "sortino_ratio": 1.6414499418300916
  },
  "strategy": {
    "alpha": 1.3165174654720735,
    "annual_return_ratio": 1.6530683253362386,
    "annual_volatility": 0.5602233519410077,
    "beta": 0.2914218528580603,
    "daily_winning_ratio": 0.5320895522388059,
    "kurtosis": 14.981030437264184,
    "sharpe_ratio": 1.9518086472084595,
    "skew": 1.4864231003666524,
    "sortino_ratio": 3.3989730633198056
  }
}