{
  "t3": {
    "alpha": 1.8544096851324028,
    "beta": 0.43118874124864187,
    "sharpe_ratio": 2.12983192820989,
    "sortino_ratio": 3.94527773540451,
    "annual_volatility": 0.655000795473815,
    "annual_return_ratio": 2.4001575363344587,
    "skew": 2.04116825957939,
    "kurtosis": 16.040407138044145,
    "daily_winning_ratio": 0.5259668508287293,
    "max_drawdown": 0.39219560385280305
  },
  "fof": {
    "alpha": 1.712740037123611,
    "beta": 0.2718432262636214,
    "sharpe_ratio": 2.247991747210309,
    "sortino_ratio": 4.799537749405824,
    "annual_volatility": 0.5412034804631805,
    "annual_return_ratio": 2.043477516750571,
    "skew": 3.2691815265673094,
    "kurtosis": 27.486102097969727,
    "daily_winning_ratio": 0.7528545119705341,
    "max_drawdown": 0.273178840358109
  },
  "base": {
    "alpha": 0.0,
    "beta": 1.0,
    "sharpe_ratio": 1.0185876512240841,
    "sortino_ratio": 1.4973224910622112,
    "annual_volatility": 0.784757120638013,
    "annual_return_ratio": 0.6868811726727737,
    "skew": -0.16174744949736697,
    "kurtosis": 10.56675084573173,
    "daily_winning_ratio": 0.5314917127071823,
    "max_drawdown": 0.8371658779895128
  }
}