{
  "closes": {
    "macd_down_cross": [
      1458518400,
      1466380800,
      1470182400,
      1471478400,
      1475798400,
      1485993600,
      1487030400,
      1491350400,
      1498262400,
      1504742400,
      1508716800,
      1512950400,
      1514764800,
      1516406400,
      1526601600,
      1533340800,
      1536451200,
      1542412800,
      1547596800,
      1552003200,
      1556064000,
      1559692800,
      1562112000,
      1565827200,
      1567036800,
      1569715200,
      1571529600,
      1574121600,
      1582761600,
      1589328000,
      1592179200,
      1594944000,
      1598054400,
      1607558400,
      1608595200,
      1611792000,
      1614038400,
      1616112000,
      1621382400,
      1626652800
    ],
    "macd_up_cross": [
      1451779200,
      1462320000,
      1469059200,
      1470960000,
      1472083200,
      1481500800,
      1486252800,
      1487116800,
      1493424000,
      1501718400,
      1506902400,
      1510272000,
      1513036800,
      1514937600,
      1523318400,
      1530748800,
      1535500800,
      1537142400,
      1545004800,
      1549843200,
      1554076800,
      1557619200,
      1561248000,
      1565136000,
      1566604800,
      1567555200,
      1570665600,
      1572220800,
      1577664000,
      1585872000,
      1590883200,
      1594598400,
      1595462400,
      1602374400,
      1608336000,
      1609200000,
      1612396800,
      1615680000,
      1617321600,
      1625270400,
      1626998400
    ],
    "stop_profit": [
      1453766400,
      1457049600,
      1489708800,
      1495584000,
      1500163200,
      1502150400,
      1513641600,
      1515542400,
      1522368000,
      1523577600,
      1534291200,
      1543276800,
      1545350400,
      1568764800,
      1581552000,
      1586217600,
      1596326400,
      1609804800,
      1628380800
    ]
  },
  "closes_count": {
    "daily_end": 2047,
    "daily_end_win": 1068,
    "macd_down_cross": 40,
    "macd_down_cross_win": 26,
    "macd_up_cross": 41,
    "macd_up_cross_win": 25,
    "month_end": 68,
    "month_end_win": 55,
    "stop_profit": 19,
    "stop_profit_win": 19
  },
  "current_margin_value": 3835693.5005087657,
  "dollar_retracement": -0.24087617348799106,
  "dollar_retracement_at": "2016-02-18",
  "nm_statistic": {
    "btc_daily_return": {
      "max": 0.35,
      "mean": 0.01,
      "median": 0.0,
      "min": -0.45,
      "std": 0.06
    },
    "btc_max_month_retracement": {
      "max": -0.04,
      "mean": -0.24,
      "median": -0.2,
      "min": -0.56,
      "std": 0.13
    },
    "btc_month_return": {
      "max": 2.31,
      "mean": 0.21,
      "median": 0.08,
      "min": -0.54,
      "std": 0.54
    },
    "fiat_daily_return": {
      "max": 0.48,
      "mean": 0.01,
      "median": 0.0,
      "min": -0.21,
      "std": 0.04
    },
    "fiat_max_month_retracement": {
      "max": -0.01,
      "mean": -0.08,
      "median": -0.06,
      "min": -0.24,
      "std": 0.05
    },
    "fiat_month_return": {
      "max": 1.29,
      "mean": 0.2,
      "median": 0.08,
      "min": -0.09,
      "std": 0.32
    }
  }
}