{
  "benchmark": {
    "alpha": 0.0,
    "annual_return_ratio": 0.7103324797317663,
    "annual_volatility": 0.7852059776392435,
    "beta": 1.0,
    "daily_winning_ratio": 0.5301740096260644,
    "kurtosis": 10.599081047909529,
    "sharpe_ratio": 1.0360765960193157,
    "skew": -0.16198503485123536,
    "sortino_ratio": 1.5242943298974756
  },
  "strategy": {
    "alpha": 1.203437985084646,
    "annual_return_ratio": 1.690629410259648,
    "annual_volatility": 0.5391668806268135,
    "beta": 0.37458811842621037,
    "daily_winning_ratio": 0.5268419104035542,
    "kurtosis": 19.06537366849782,
    "sharpe_ratio": 2.0320507187377315,
    "skew": 1.8301695852769944,
    "sortino_ratio": 3.6512053965492965
  }
}