{
  "benchmark": {
    "alpha": 0.0,
    "annual_return_ratio": 0.6872061604629718,
    "annual_volatility": 0.7849012876355702,
    "beta": 1.0,
    "daily_winning_ratio": 0.5298452468680914,
    "kurtosis": 10.561804896311541,
    "sharpe_ratio": 1.018792907184531,
    "skew": -0.1617795825729561,
    "sortino_ratio": 1.4976234605655216
  },
  "strategy": {
    "alpha": 1.8558624072467924,
    "annual_return_ratio": 2.402011182365269,
    "annual_volatility": 0.6551335411153016,
    "beta": 0.43117377018201475,
    "daily_winning_ratio": 0.5250552689756817,
    "kurtosis": 16.031571765513732,
    "sharpe_ratio": 2.13036367134745,
    "skew": 2.0404739282469975,
    "sortino_ratio": 3.946219448206166
  }
}