{
  "benchmark": {
    "alpha": 0.0,
    "annual_return_ratio": 1.206902300475174,
    "annual_volatility": 0.7847340960983346,
    "beta": 1.0,
    "daily_winning_ratio": 0.5427956989247312,
    "kurtosis": 11.59340634171457,
    "sharpe_ratio": 1.3624345130978706,
    "skew": -0.2202167264293582,
    "sortino_ratio": 2.0213931063608848
  },
  "strategy": {
    "alpha": 1.3619450875215549,
    "annual_return_ratio": 2.266293024285611,
    "annual_volatility": 0.5206442349116889,
    "beta": 0.391640005381831,
    "daily_winning_ratio": 0.5277419354838709,
    "kurtosis": 22.791849342785007,
    "sharpe_ratio": 2.4569937877304615,
    "skew": 2.4395148335964736,
    "sortino_ratio": 4.767868085330753
  }
}