{
  "t3": {
    "alpha": 1.882997571445415,
    "beta": 0.4303535489356941,
    "sharpe_ratio": 2.12983192820989,
    "sortino_ratio": 3.94527773540451,
    "annual_volatility": 0.655000795473815,
    "annual_return_ratio": 2.4001575363344587,
    "skew": 2.04116825957939,
    "kurtosis": 16.040407138044145,
    "daily_winning_ratio": 0.5259668508287293,
    "max_drawdown": 0.39219560385280305
  },
  "fof": {
    "alpha": 1.7367935874170888,
    "beta": 0.28626978648487095,
    "sharpe_ratio": 2.2677062158386927,
    "sortino_ratio": 4.829476814275355,
    "annual_volatility": 0.5422893330517106,
    "annual_return_ratio": 2.0817666077385306,
    "skew": 3.2456851143943353,
    "kurtosis": 27.23127263054847,
    "daily_winning_ratio": 0.5049723756906077,
    "max_drawdown": 0.2739493714030925
  },
  "base": {
    "alpha": 0.0,
    "beta": 1.0,
    "sharpe_ratio": 1.0349271633430681,
    "sortino_ratio": 1.5222121430421163,
    "annual_volatility": 0.7847302563134183,
    "annual_return_ratio": 0.7086017446722135,
    "skew": -0.16292849003759058,
    "kurtosis": 10.582000022871965,
    "daily_winning_ratio": 0.5317109144542773,
    "max_drawdown": 0.8371658779895128
  }
}