{
  "t4": {
    "alpha": 1.9387129606158497,
    "beta": 0.43592917216419674,
    "sharpe_ratio": 2.1149993941015643,
    "sortino_ratio": 3.84518139571036,
    "annual_volatility": 0.6754123138986946,
    "annual_return_ratio": 2.4662568385288783,
    "skew": 1.7915040455373297,
    "kurtosis": 15.515277466250465,
    "daily_winning_ratio": 0.5258493353028065,
    "max_drawdown": 0.3974099810486418
  },
  "fof": {
    "alpha": 1.961807865499206,
    "beta": 0.2749315638000062,
    "sharpe_ratio": 2.3439121188795626,
    "sortino_ratio": 4.913633180475266,
    "annual_volatility": 0.5578197234295648,
    "annual_return_ratio": 2.301673607509733,
    "skew": 2.990826288164521,
    "kurtosis": 25.86084417313283,
    "daily_winning_ratio": 0.8242245199409158,
    "max_drawdown": 0.27133193095876296
  },
  "base": {
    "alpha": 0.0,
    "beta": 1.0,
    "sharpe_ratio": 1.0197347825604215,
    "sortino_ratio": 1.4992520991828748,
    "annual_volatility": 0.7849410785184202,
    "annual_return_ratio": 0.6884586610869894,
    "skew": -0.16149982476834446,
    "kurtosis": 10.586149372729846,
    "daily_winning_ratio": 0.5313884785819794,
    "max_drawdown": 0.8371658779895128
  }
}