{
  "benchmark": {
    "alpha": 0.0,
    "annual_return_ratio": 0.772388508821412,
    "annual_volatility": 0.7811030377553476,
    "beta": 1.0000000000000002,
    "daily_winning_ratio": 0.5308550185873606,
    "kurtosis": 10.834830880979151,
    "sharpe_ratio": 1.083035236629184,
    "skew": -0.16147537189551278,
    "sortino_ratio": 1.5970624525626012
  },
  "strategy": {
    "alpha": 1.5199595099142211,
    "annual_return_ratio": 2.008488165493694,
    "annual_volatility": 0.5486613501629001,
    "beta": 0.33893250780206113,
    "daily_winning_ratio": 0.5397769516728624,
    "kurtosis": 17.0111049947526,
    "sharpe_ratio": 2.2092645188390705,
    "skew": 1.9142699826657537,
    "sortino_ratio": 4.04513590198381
  }
}