{
  "r1": {
    "alpha": 0.41500186941566364,
    "beta": 0.011482449145308972,
    "sharpe_ratio": 2.055847492932677,
    "sortino_ratio": 3.840030044720806,
    "annual_volatility": 0.21430633226461165,
    "annual_return_ratio": 0.5749116805924797,
    "skew": 2.044213216830007,
    "kurtosis": 14.837110617799372,
    "daily_winning_ratio": 0.5334067547723935,
    "max_drawdown": 0.1362118126272912
  },
  "fof": {
    "alpha": 0.28475355488193266,
    "beta": 0.004727726741132907,
    "sharpe_ratio": 1.8032658560984343,
    "sortino_ratio": 3.709970919496369,
    "annual_volatility": 0.1757791309958669,
    "annual_return_ratio": 0.40240070062460176,
    "skew": 3.3237000592894246,
    "kurtosis": 29.35928689516139,
    "daily_winning_ratio": 0.5638766519823789,
    "max_drawdown": 0.09696909667194942
  },
  "base": {
    "alpha": 0.0,
    "beta": 1.0,
    "sharpe_ratio": 1.1843410409392192,
    "sortino_ratio": 1.8496751225201291,
    "annual_volatility": 0.9437327663852104,
    "annual_return_ratio": 1.043598152211366,
    "skew": 0.30899395023093146,
    "kurtosis": 1.3515202684172443,
    "daily_winning_ratio": 0.5089820359281437,
    "max_drawdown": 0.4756258441436064
  }
}