{
  "benchmark": {
    "alpha": 0.0,
    "annual_return_ratio": 0.8104678973715096,
    "annual_volatility": 0.7797852075476824,
    "beta": 1.0,
    "daily_winning_ratio": 0.5309701492537313,
    "kurtosis": 10.933391770993548,
    "sharpe_ratio": 1.1107603673880144,
    "skew": -0.15499885221222154,
    "sortino_ratio": 1.6414499418300916
  },
  "strategy": {
    "alpha": 2.3750902612804126,
    "annual_return_ratio": 3.31886568048664,
    "annual_volatility": 0.7619315058224694,
    "beta": 0.5697994718317908,
    "daily_winning_ratio": 0.5432835820895522,
    "kurtosis": 8.593772903897293,
    "sharpe_ratio": 2.2469023131221304,
    "skew": 1.1157238616282619,
    "sortino_ratio": 3.8819522003583042
  }
}