{
  "t2": {
    "alpha": 0.928214403887621,
    "beta": 0.2669026246591001,
    "sharpe_ratio": 2.1364736194836915,
    "sortino_ratio": 3.9799168534012024,
    "annual_volatility": 0.40906063676142845,
    "annual_return_ratio": 1.2891438700229245,
    "skew": 2.025567463521664,
    "kurtosis": 15.179226556113525,
    "daily_winning_ratio": 0.5283923303834809,
    "max_drawdown": 0.25570615914038897
  },
  "fof": {
    "alpha": 0.8130384475184318,
    "beta": 0.1682916205695007,
    "sharpe_ratio": 2.148797442640338,
    "sortino_ratio": 4.57313326633012,
    "annual_volatility": 0.3407326770933758,
    "annual_return_ratio": 1.038205315301206,
    "skew": 3.285789059121026,
    "kurtosis": 27.61059399314304,
    "daily_winning_ratio": 0.7676991150442478,
    "max_drawdown": 0.17600175256164774
  },
  "base": {
    "alpha": 0.0,
    "beta": 1.0,
    "sharpe_ratio": 1.0349271633430681,
    "sortino_ratio": 1.5222121430421163,
    "annual_volatility": 0.7847302563134183,
    "annual_return_ratio": 0.7086017446722135,
    "skew": -0.16292849003759058,
    "kurtosis": 10.582000022871965,
    "daily_winning_ratio": 0.5317109144542773,
    "max_drawdown": 0.8371658779895128
  }
}