{
  "r1": {
    "alpha": 0.3604997916249397,
    "beta": 0.14268291985456924,
    "sharpe_ratio": 1.9063029279994825,
    "sortino_ratio": 3.442376723162773,
    "annual_volatility": 0.22006007646532316,
    "annual_return_ratio": 0.5401465025514429,
    "skew": 1.7919019162997196,
    "kurtosis": 14.375532666855934,
    "daily_winning_ratio": 0.5373626373626373,
    "max_drawdown": 0.13832582582582587
  },
  "fof": {
    "alpha": 0.26029262941361475,
    "beta": 0.0886485267206498,
    "sharpe_ratio": 1.6967350699628023,
    "sortino_ratio": 3.419955733714671,
    "annual_volatility": 0.17722498431086153,
    "annual_return_ratio": 0.3794313322361951,
    "skew": 3.2371686506471025,
    "kurtosis": 28.943253941615403,
    "daily_winning_ratio": 0.5615384615384615,
    "max_drawdown": 0.13577533577533574
  },
  "base": {
    "alpha": 0.0,
    "beta": 1.0000000000000002,
    "sharpe_ratio": 0.9931838682989811,
    "sortino_ratio": 1.4595442579892643,
    "annual_volatility": 0.7869514151356923,
    "annual_return_ratio": 0.6544640488008091,
    "skew": -0.1543350368000044,
    "kurtosis": 10.403366947906942,
    "daily_winning_ratio": 0.5304029304029304,
    "max_drawdown": 0.8371658779895128
  }
}