{
  "benchmark": {
    "alpha": 0.0,
    "annual_return_ratio": 0.7220941709827049,
    "annual_volatility": 0.7835134966225572,
    "beta": 1.0,
    "daily_winning_ratio": 0.5302187615869485,
    "kurtosis": 10.702466980855526,
    "sharpe_ratio": 1.045424132797706,
    "skew": -0.16744840430172286,
    "sortino_ratio": 1.5379953170441183
  },
  "strategy": {
    "alpha": 1.2838956415803509,
    "annual_return_ratio": 1.706947292756785,
    "annual_volatility": 0.4787200953265253,
    "beta": 0.2974771745980885,
    "daily_winning_ratio": 0.5135335558027437,
    "kurtosis": 28.299705826020904,
    "sharpe_ratio": 2.236134211608262,
    "skew": 2.8218089884870228,
    "sortino_ratio": 4.430127818499619
  }
}