{
  "t4": {
    "alpha": 1.7995000029576533,
    "beta": 0.5780622075374966,
    "sharpe_ratio": 1.9004558757811298,
    "sortino_ratio": 3.4166714477970457,
    "annual_volatility": 0.763214435581073,
    "annual_return_ratio": 2.3368689731511747,
    "skew": 1.6096181059533683,
    "kurtosis": 9.800396759559787,
    "daily_winning_ratio": 0.5277324632952691,
    "max_drawdown": 0.4818400836401655
  },
  "eth": {
    "alpha": 0.2762986191796357,
    "beta": 1.002784603634848,
    "sharpe_ratio": 0.9711454783178803,
    "sortino_ratio": 1.4125477217470765,
    "annual_volatility": 1.0007497235923029,
    "annual_return_ratio": 0.6416205599462685,
    "skew": -0.35395509974387596,
    "kurtosis": 5.91093113986288,
    "daily_winning_ratio": 0.5212071778140294,
    "max_drawdown": 0.9399936302044125
  },
  "fof": {
    "alpha": 2.543127392237596,
    "beta": 0.5570616988206014,
    "sharpe_ratio": 2.049472114321788,
    "sortino_ratio": 3.4674311278958037,
    "annual_volatility": 0.8155873739509621,
    "annual_return_ratio": 2.9728464831036487,
    "skew": 0.747016177688425,
    "kurtosis": 5.0743480098182605,
    "daily_winning_ratio": 0.6712887438825449,
    "max_drawdown": 0.49802700341576067
  },
  "base": {
    "alpha": 0.0,
    "beta": 1.0000000000000002,
    "sharpe_ratio": 0.9024204360889144,
    "sortino_ratio": 1.3038777382475917,
    "annual_volatility": 0.8042889105244069,
    "annual_return_ratio": 0.5332902194610187,
    "skew": -0.6274009533073036,
    "kurtosis": 14.164341765194253,
    "daily_winning_ratio": 0.531810766721044,
    "max_drawdown": 0.8150493898895991
  }
}