{
  "benchmark": {
    "alpha": 0.0,
    "annual_return_ratio": 0.7105036711017763,
    "annual_volatility": 0.78632319806095,
    "beta": 0.9999999999999998,
    "daily_winning_ratio": 0.5295629820051414,
    "kurtosis": 10.458293846759675,
    "sharpe_ratio": 1.0357165360939644,
    "skew": -0.15209510958103273,
    "sortino_ratio": 1.5253687927083919
  },
  "strategy": {
    "alpha": 0.9286406809699927,
    "annual_return_ratio": 1.296380706176413,
    "annual_volatility": 0.4124610515267459,
    "beta": 0.27143084649120836,
    "daily_winning_ratio": 0.5236871098053617,
    "kurtosis": 14.778427836002939,
    "sharpe_ratio": 2.129806438421873,
    "skew": 2.011877444076126,
    "sortino_ratio": 3.971089276708518
  }
}