{
  "benchmark": {
    "alpha": 0.0,
    "annual_return_ratio": 0.6913866785427147,
    "annual_volatility": 0.7858970660141067,
    "beta": 1.0,
    "daily_winning_ratio": 0.5294334069168506,
    "kurtosis": 10.4998071898208,
    "sharpe_ratio": 1.0215739100816688,
    "skew": -0.15461352905046558,
    "sortino_ratio": 1.5031899182060309
  },
  "strategy": {
    "alpha": 0.3824972695853468,
    "annual_return_ratio": 0.56726730550766,
    "annual_volatility": 0.2136495584652401,
    "beta": 0.13892517062534704,
    "daily_winning_ratio": 0.5209713024282561,
    "kurtosis": 15.008400063482217,
    "sharpe_ratio": 2.038719733677223,
    "skew": 2.050161627402759,
    "sortino_ratio": 3.8016506866529127
  }
}