{
  "t4": {
    "alpha": 1.9332300438999326,
    "beta": 0.4362313758564328,
    "sharpe_ratio": 2.113524199487261,
    "sortino_ratio": 3.8434458047924345,
    "annual_volatility": 0.675111982436184,
    "annual_return_ratio": 2.4613305249654585,
    "skew": 1.794494446142879,
    "kurtosis": 15.54839244793065,
    "daily_winning_ratio": 0.5258493353028065,
    "max_drawdown": 0.3974099810486418
  },
  "fof": {
    "alpha": 1.9722610254720268,
    "beta": 0.27503149825576284,
    "sharpe_ratio": 2.3504769695421337,
    "sortino_ratio": 4.928066853233765,
    "annual_volatility": 0.5577991338416116,
    "annual_return_ratio": 2.313620624860871,
    "skew": 2.9901936157476836,
    "kurtosis": 25.86025155874889,
    "daily_winning_ratio": 0.8253323485967504,
    "max_drawdown": 0.2713225674197779
  },
  "base": {
    "alpha": 0.0,
    "beta": 1.0,
    "sharpe_ratio": 1.0197347825604215,
    "sortino_ratio": 1.4992520991828748,
    "annual_volatility": 0.7849410785184202,
    "annual_return_ratio": 0.6884586610869894,
    "skew": -0.16149982476834446,
    "kurtosis": 10.586149372729846,
    "daily_winning_ratio": 0.5313884785819794,
    "max_drawdown": 0.8371658779895128
  }
}