{
  "benchmark": {
    "alpha": 0.0,
    "annual_return_ratio": 3.026348190202648,
    "annual_volatility": 0.8276375599122421,
    "beta": 1.0000000000000002,
    "daily_winning_ratio": 0.5792349726775956,
    "kurtosis": 38.14778618001656,
    "sharpe_ratio": 2.1022444902787063,
    "skew": -2.293365926438856,
    "sortino_ratio": 2.9734455289825847
  },
  "strategy": {
    "alpha": 1.6779359410033368,
    "annual_return_ratio": 2.254138314028686,
    "annual_volatility": 0.3750125940121455,
    "beta": 0.1308766450016695,
    "daily_winning_ratio": 0.5601092896174863,
    "kurtosis": 7.0400429874225505,
    "sharpe_ratio": 3.2374607130874153,
    "skew": 1.3821043517856173,
    "sortino_ratio": 6.211710125815079
  }
}