{
  "t1": {
    "alpha": 0.3498141118522351,
    "beta": 0.13985934375126516,
    "sharpe_ratio": 1.8945307734084056,
    "sortino_ratio": 3.5867014347687123,
    "annual_volatility": 0.21835241097529706,
    "annual_return_ratio": 0.5320305535466896,
    "skew": 2.8232150993517857,
    "kurtosis": 26.777096669128124,
    "daily_winning_ratio": 0.5357669616519174,
    "max_drawdown": 0.12044844768110385
  },
  "fof": {
    "alpha": 0.2657870738258661,
    "beta": 0.08521199184714036,
    "sharpe_ratio": 1.634270064099621,
    "sortino_ratio": 3.5385912548220464,
    "annual_volatility": 0.18661186757929255,
    "annual_return_ratio": 0.3832290999882755,
    "skew": 4.599091898094215,
    "kurtosis": 49.58707565967992,
    "daily_winning_ratio": 0.8030973451327433,
    "max_drawdown": 0.12453872523370613
  },
  "base": {
    "alpha": 0.0,
    "beta": 1.0,
    "sharpe_ratio": 1.0349271633430681,
    "sortino_ratio": 1.5222121430421163,
    "annual_volatility": 0.7847302563134183,
    "annual_return_ratio": 0.7086017446722135,
    "skew": -0.16292849003759058,
    "kurtosis": 10.582000022871965,
    "daily_winning_ratio": 0.5317109144542773,
    "max_drawdown": 0.8371658779895128
  }
}