{
  "r3": {
    "alpha": 1.848687095893664,
    "beta": 0.4861328365077267,
    "sharpe_ratio": 2.301053679595282,
    "sortino_ratio": 4.365184328283825,
    "annual_volatility": 0.6873243974541409,
    "annual_return_ratio": 3.014904332839767,
    "skew": 2.1725466786838132,
    "kurtosis": 17.142353554191985,
    "daily_winning_ratio": 0.5381927109335995,
    "max_drawdown": 0.37433722086689003
  },
  "er3": {
    "alpha": 3.1575828128216905,
    "beta": 0.13071476084020844,
    "sharpe_ratio": 2.2270754550144543,
    "sortino_ratio": 4.693733678838063,
    "annual_volatility": 0.7054506979624119,
    "annual_return_ratio": 2.9534890721123555,
    "skew": 3.6432423590457543,
    "kurtosis": 34.114362035361594,
    "daily_winning_ratio": 0.5591612581128308,
    "max_drawdown": 0.4374068983587006
  },
  "fof": {
    "alpha": 2.2025339281725267,
    "beta": 0.21908156479901342,
    "sharpe_ratio": 2.941767172059638,
    "sortino_ratio": 6.2590193549432005,
    "annual_volatility": 0.47797710414471256,
    "annual_return_ratio": 2.782199812579489,
    "skew": 2.3503715788662927,
    "kurtosis": 15.39278252019827,
    "daily_winning_ratio": 0.6290564153769346,
    "max_drawdown": 0.2568473799784131
  },
  "btc": {
    "alpha": 0.0,
    "beta": 1.0,
    "sharpe_ratio": 1.3591261317898664,
    "sortino_ratio": 2.0252783266422525,
    "annual_volatility": 0.8070177744254748,
    "annual_return_ratio": 1.2287431136656584,
    "skew": -0.18265563681655392,
    "kurtosis": 11.005204549498679,
    "daily_winning_ratio": 0.5481777333999002,
    "max_drawdown": 0.8371658779895128
  },
  "eth": {
    "alpha": 2.109418432053076,
    "beta": 0.8098640235570406,
    "sharpe_ratio": 1.7589542672928784,
    "sortino_ratio": 2.828834746590089,
    "annual_volatility": 1.150962770549241,
    "annual_return_ratio": 3.0532674862428726,
    "skew": 0.34387685423475334,
    "kurtosis": 4.909894293788382,
    "daily_winning_ratio": 0.5137294058911632,
    "max_drawdown": 0.9408001486786897
  }
}