{
  "benchmark": {
    "alpha": 0.0,
    "annual_return_ratio": 0.7089393476520793,
    "annual_volatility": 0.7848745639764326,
    "beta": 1.0,
    "daily_winning_ratio": 0.5300627074880118,
    "kurtosis": 10.577044301946984,
    "sharpe_ratio": 1.035135687819893,
    "skew": -0.16296139590685166,
    "sortino_ratio": 1.52251805247884
  },
  "strategy": {
    "alpha": 1.884477713429089,
    "annual_return_ratio": 2.4535741105003086,
    "annual_volatility": 0.654774921498712,
    "beta": 0.4303385179116067,
    "daily_winning_ratio": 0.5252674289929915,
    "kurtosis": 16.077229896027983,
    "sharpe_ratio": 2.1541934666843954,
    "skew": 2.0465260274969883,
    "sortino_ratio": 3.999157297814935
  }
}