{
  "r2": {
    "alpha": 0.9303947042901282,
    "beta": 0.27141709544082887,
    "sharpe_ratio": 2.1329148108570655,
    "sortino_ratio": 3.9772154095974104,
    "annual_volatility": 0.4124355567879161,
    "annual_return_ratio": 1.2992190353015425,
    "skew": 2.011881398427859,
    "kurtosis": 14.780245418584238,
    "daily_winning_ratio": 0.5280940139551965,
    "max_drawdown": 0.25570615914038897
  },
  "fof": {
    "alpha": 0.8088005414068367,
    "beta": 0.17840946745940095,
    "sharpe_ratio": 2.1609899215654043,
    "sortino_ratio": 4.55955494142343,
    "annual_volatility": 0.34181519869252036,
    "annual_return_ratio": 1.0506739617145606,
    "skew": 3.231621415695049,
    "kurtosis": 27.142490155363394,
    "daily_winning_ratio": 0.5380095482923246,
    "max_drawdown": 0.17491910971663893
  },
  "base": {
    "alpha": 0.0,
    "beta": 1.0000000000000002,
    "sharpe_ratio": 1.0372683086510492,
    "sortino_ratio": 1.5276636209364818,
    "annual_volatility": 0.7863126687715951,
    "annual_return_ratio": 0.7125827875890787,
    "skew": -0.15233521862267896,
    "kurtosis": 10.459061933671919,
    "daily_winning_ratio": 0.5313991920675726,
    "max_drawdown": 0.8371658779895128
  }
}