{
  "benchmark": {
    "alpha": 0.0,
    "annual_return_ratio": 0.6887853781694793,
    "annual_volatility": 0.7850856512618599,
    "beta": 1.0,
    "daily_winning_ratio": 0.5297377170299225,
    "kurtosis": 10.581183615462953,
    "sharpe_ratio": 1.0199407795103377,
    "skew": -0.16153215271768778,
    "sortino_ratio": 1.4995542026506197
  },
  "strategy": {
    "alpha": 2.0247539645673998,
    "annual_return_ratio": 2.6428819230572937,
    "annual_volatility": 0.6971481373390627,
    "beta": 0.4804997323178723,
    "daily_winning_ratio": 0.5271518285925378,
    "kurtosis": 14.96462008764866,
    "sharpe_ratio": 2.1419628440012564,
    "skew": 1.6582166943090009,
    "sortino_ratio": 3.8614956735339168
  }
}