{
  "r1": {
    "alpha": 0.37662074575163573,
    "beta": 0.14315103726264805,
    "sharpe_ratio": 1.8940642161850536,
    "sortino_ratio": 3.380387527393224,
    "annual_volatility": 0.22789977441866532,
    "annual_return_ratio": 0.5562176299432062,
    "skew": 1.5970069907851472,
    "kurtosis": 15.822760056188715,
    "daily_winning_ratio": 0.5384615384615384,
    "max_drawdown": 0.14298527543164663
  },
  "fof": {
    "alpha": 0.2886431322691547,
    "beta": 0.09037665429086056,
    "sharpe_ratio": 1.7308196761187165,
    "sortino_ratio": 3.396590488877656,
    "annual_volatility": 0.18737665508429124,
    "annual_return_ratio": 0.4097573658796514,
    "skew": 2.7996320822774843,
    "kurtosis": 28.600433883534365,
    "daily_winning_ratio": 0.5633699633699634,
    "max_drawdown": 0.12211466865227105
  },
  "base": {
    "alpha": 0.0,
    "beta": 1.0000000000000002,
    "sharpe_ratio": 0.9931838682989811,
    "sortino_ratio": 1.4595442579892643,
    "annual_volatility": 0.7869514151356923,
    "annual_return_ratio": 0.6544640488008091,
    "skew": -0.1543350368000044,
    "kurtosis": 10.403366947906942,
    "daily_winning_ratio": 0.5304029304029304,
    "max_drawdown": 0.8371658779895128
  }
}