{
  "benchmark": {
    "alpha": 0.0,
    "annual_return_ratio": 0.11637358241403328,
    "annual_volatility": 0.12344236110878153,
    "beta": 1.0,
    "daily_winning_ratio": 0.5290376106194691,
    "kurtosis": 8.817669782567958,
    "sharpe_ratio": 0.6580865099296818,
    "skew": -0.5287068256621537,
    "sortino_ratio": 0.92087928118734
  },
  "strategy": {
    "alpha": -0.020822068466323507,
    "annual_return_ratio": 0.03377460258642673,
    "annual_volatility": 0.035869110077770605,
    "beta": 0.2265446131050431,
    "daily_winning_ratio": 0.5284845132743363,
    "kurtosis": 21.931643173765604,
    "sharpe_ratio": -0.07353893249632404,
    "skew": -1.0681087190930252,
    "sortino_ratio": -0.1005906261593652
  }
}