{
  "closes": {
    "pnl": [
      1170604800000,
      1205251200000,
      1273075200000,
      1323878400000,
      1434643200000,
      1523808000000
    ]
  },
  "closes_count": {
    "daily_end": 3616,
    "daily_end_win": 1911,
    "month_end": 97,
    "month_end_win": 56,
    "pnl": 6,
    "pnl_win": 4
  },
  "current_margin_value": 13896.758619345985,
  "dollar_retracement": 0.06793360093013313,
  "dollar_retracement_at": 1395187200000,
  "init_total_margin_value": 10000.0,
  "nm_statistic": {
    "btc_daily_return": {
      "max": 0.04,
      "mean": 0.0,
      "median": 0.0,
      "min": -0.06,
      "std": 0.01
    },
    "btc_max_month_retracement": {
      "max": 0.14,
      "mean": 0.03,
      "median": 0.02,
      "min": 0.0,
      "std": 0.03
    },
    "btc_month_return": {
      "max": 0.43,
      "mean": 0.01,
      "median": 0.01,
      "min": -0.14,
      "std": 0.07
    },
    "fiat_daily_return": {
      "max": 0.02,
      "mean": 0.0,
      "median": 0.0,
      "min": -0.02,
      "std": 0.0
    },
    "fiat_max_month_retracement": {
      "max": 0.05,
      "mean": 0.01,
      "median": 0.01,
      "min": 0.0,
      "std": 0.01
    },
    "fiat_month_return": {
      "max": 0.09,
      "mean": 0.0,
      "median": 0.0,
      "min": -0.04,
      "std": 0.02
    }
  }
}