{
  "t4": {
    "alpha": 2.252931403487249,
    "beta": 0.463380135225304,
    "sharpe_ratio": 2.286586102323682,
    "sortino_ratio": 4.295364610120155,
    "annual_volatility": 0.6812748046164657,
    "annual_return_ratio": 2.93299729507128,
    "skew": 1.9705484239616167,
    "kurtosis": 14.280506665028488,
    "daily_winning_ratio": 0.5269174041297935,
    "max_drawdown": 0.3921484037963763
  },
  "fof": {
    "alpha": 2.0650418754549986,
    "beta": 0.2980095593981888,
    "sharpe_ratio": 2.4079115577056345,
    "sortino_ratio": 5.230784198772201,
    "annual_volatility": 0.5663856774004852,
    "annual_return_ratio": 2.4788805120847335,
    "skew": 3.1390782266454296,
    "kurtosis": 24.261283631740497,
    "daily_winning_ratio": 0.7496312684365781,
    "max_drawdown": 0.2823147405126274
  },
  "base": {
    "alpha": 0.0,
    "beta": 1.0,
    "sharpe_ratio": 1.0349271633430681,
    "sortino_ratio": 1.5222121430421163,
    "annual_volatility": 0.7847302563134183,
    "annual_return_ratio": 0.7086017446722135,
    "skew": -0.16292849003759058,
    "kurtosis": 10.582000022871965,
    "daily_winning_ratio": 0.5317109144542773,
    "max_drawdown": 0.8371658779895128
  }
}