{
  "benchmark": {
    "alpha": 0.0,
    "annual_return_ratio": 0.6442177745127426,
    "annual_volatility": 0.7767264916684353,
    "beta": 1.0000000000000002,
    "daily_winning_ratio": 0.5302435192458759,
    "kurtosis": 11.52876453011314,
    "sharpe_ratio": 0.9886123751615908,
    "skew": -0.19999381756064474,
    "sortino_ratio": 1.4475149511785925
  },
  "strategy": {
    "alpha": 3.595547816862772,
    "annual_return_ratio": 4.284495034551269,
    "annual_volatility": 0.8275319707073012,
    "beta": 0.5650289155779027,
    "daily_winning_ratio": 0.5404556166535742,
    "kurtosis": 10.02131172619455,
    "sharpe_ratio": 2.371091199935386,
    "skew": 1.413537940133424,
    "sortino_ratio": 4.248238670419368
  }
}