{
  "t4": {
    "alpha": 1.2829872939787021,
    "beta": 0.2974622486347042,
    "sharpe_ratio": 2.2354767113659553,
    "sortino_ratio": 4.428726574129788,
    "annual_volatility": 0.4786348821347454,
    "annual_return_ratio": 1.7056890513431502,
    "skew": 2.822407607671172,
    "kurtosis": 28.312241040757005,
    "daily_winning_ratio": 0.5570793180133432,
    "max_drawdown": 0.30877233034644136
  },
  "fof": {
    "alpha": 1.1073843036665516,
    "beta": 0.221688677644627,
    "sharpe_ratio": 2.2059629759297534,
    "sortino_ratio": 4.763733372601786,
    "annual_volatility": 0.42055330422816134,
    "annual_return_ratio": 1.4089170023844053,
    "skew": 3.9079437547535827,
    "kurtosis": 43.99226619135374,
    "daily_winning_ratio": 0.8676797627872498,
    "max_drawdown": 0.2734166652936144
  },
  "base": {
    "alpha": 0.0,
    "beta": 1.0,
    "sharpe_ratio": 1.045212572457765,
    "sortino_ratio": 1.5376849018668926,
    "annual_volatility": 0.783368700384908,
    "annual_return_ratio": 0.7217473106750885,
    "skew": -0.1674155422869137,
    "kurtosis": 10.707493368848645,
    "daily_winning_ratio": 0.5318754633061527,
    "max_drawdown": 0.8371658779895128
  }
}