{
  "t4": {
    "alpha": 1.882997571445415,
    "beta": 0.4303535489356941,
    "sharpe_ratio": 2.153656998219591,
    "sortino_ratio": 3.9982060798709695,
    "annual_volatility": 0.654642127864041,
    "annual_return_ratio": 2.451671144229364,
    "skew": 2.04722394847441,
    "kurtosis": 16.08609697854576,
    "daily_winning_ratio": 0.5261799410029498,
    "max_drawdown": 0.39219560385280305
  },
  "fof": {
    "alpha": 1.6092123894846582,
    "beta": 0.2598360449445924,
    "sharpe_ratio": 2.2637767087158904,
    "sortino_ratio": 4.849565588353718,
    "annual_volatility": 0.5174239889126243,
    "annual_return_ratio": 1.943123686398867,
    "skew": 3.2805519093911553,
    "kurtosis": 27.489959072915283,
    "daily_winning_ratio": 0.7533185840707964,
    "max_drawdown": 0.26081412943301485
  },
  "base": {
    "alpha": 0.0,
    "beta": 1.0,
    "sharpe_ratio": 1.0349271633430681,
    "sortino_ratio": 1.5222121430421163,
    "annual_volatility": 0.7847302563134183,
    "annual_return_ratio": 0.7086017446722135,
    "skew": -0.16292849003759058,
    "kurtosis": 10.582000022871965,
    "daily_winning_ratio": 0.5317109144542773,
    "max_drawdown": 0.8371658779895128
  }
}