{
  "r1": {
    "alpha": 0.36185526305273896,
    "beta": 0.14077302891307814,
    "sharpe_ratio": 1.9453659176570324,
    "sortino_ratio": 3.5696955691430365,
    "annual_volatility": 0.2162159468419734,
    "annual_return_ratio": 0.5431757103938173,
    "skew": 1.950291645054286,
    "kurtosis": 14.7839785182373,
    "daily_winning_ratio": 0.5378704720087816,
    "max_drawdown": 0.13832582582582587
  },
  "fof": {
    "alpha": 0.30294734033411674,
    "beta": 0.09688711791810842,
    "sharpe_ratio": 1.853490917679106,
    "sortino_ratio": 3.8363538048087267,
    "annual_volatility": 0.18428008880603594,
    "annual_return_ratio": 0.43511729454153714,
    "skew": 3.129624099747526,
    "kurtosis": 25.471050094204617,
    "daily_winning_ratio": 0.5411635565312843,
    "max_drawdown": 0.11308159808707785
  },
  "btc": {
    "alpha": 0.0,
    "beta": 0.9999999999999998,
    "sharpe_ratio": 1.0080376309450179,
    "sortino_ratio": 1.481768930335131,
    "annual_volatility": 0.7867297185546342,
    "annual_return_ratio": 0.6738053795040453,
    "skew": -0.15620583840099803,
    "kurtosis": 10.404464576501557,
    "daily_winning_ratio": 0.5309184046834979,
    "max_drawdown": 0.8371658779895128
  }
}