{
  "r3": {
    "alpha": 1.7841997155112708,
    "beta": 0.4889391528842986,
    "sharpe_ratio": 2.250501658594362,
    "sortino_ratio": 4.223547923754742,
    "annual_volatility": 0.6902925055158559,
    "annual_return_ratio": 2.8953836608810084,
    "skew": 2.1111961817168208,
    "kurtosis": 16.971796693317422,
    "daily_winning_ratio": 0.5379241516966068,
    "max_drawdown": 0.37433722086689003
  },
  "er3": {
    "alpha": 3.170409621539548,
    "beta": 0.130336825162144,
    "sharpe_ratio": 2.2283333529641234,
    "sortino_ratio": 4.696390614868605,
    "annual_volatility": 0.7052755391880716,
    "annual_return_ratio": 2.9558963916187793,
    "skew": 3.6440248405775626,
    "kurtosis": 34.132108253871344,
    "daily_winning_ratio": 0.5593812375249501,
    "max_drawdown": 0.4374068983587006
  },
  "fof": {
    "alpha": 2.0009894520147524,
    "beta": 0.22602239420163922,
    "sharpe_ratio": 2.8962288274140193,
    "sortino_ratio": 6.0650506427589095,
    "annual_volatility": 0.4643025042347455,
    "annual_return_ratio": 2.578966298121777,
    "skew": 2.2617864021126266,
    "kurtosis": 15.172469911931783,
    "daily_winning_ratio": 0.627744510978044,
    "max_drawdown": 0.26258616314965955
  },
  "btc": {
    "alpha": 0.0,
    "beta": 1.0,
    "sharpe_ratio": 1.3371486900925045,
    "sortino_ratio": 1.9900043451723282,
    "annual_volatility": 0.8077683641340776,
    "annual_return_ratio": 1.1904518818018128,
    "skew": -0.1839265320877882,
    "kurtosis": 10.956573200953981,
    "daily_winning_ratio": 0.5479041916167665,
    "max_drawdown": 0.8371658779895128
  },
  "eth": {
    "alpha": 2.0959288225014037,
    "beta": 0.8103970185859586,
    "sharpe_ratio": 1.7432410433289316,
    "sortino_ratio": 2.8013087974120725,
    "annual_volatility": 1.1513922556764797,
    "annual_return_ratio": 2.9818237121712046,
    "skew": 0.3437183281238386,
    "kurtosis": 4.898335198217117,
    "daily_winning_ratio": 0.5134730538922155,
    "max_drawdown": 0.9408001486786897
  }
}