{
  "benchmark": {
    "alpha": 0.0,
    "annual_return_ratio": 0.7089393476520793,
    "annual_volatility": 0.7848745639764326,
    "beta": 1.0,
    "daily_winning_ratio": 0.5300627074880118,
    "kurtosis": 10.577044301946984,
    "sharpe_ratio": 1.035135687819893,
    "skew": -0.16296139590685166,
    "sortino_ratio": 1.52251805247884
  },
  "strategy": {
    "alpha": 2.398030618837049,
    "annual_return_ratio": 3.084180906222392,
    "annual_volatility": 0.7019078110309535,
    "beta": 0.4734233054501559,
    "daily_winning_ratio": 0.5256362965695316,
    "kurtosis": 14.041053042718124,
    "sharpe_ratio": 2.2935796651139673,
    "skew": 1.8383681942169918,
    "sortino_ratio": 4.2655606837474505
  }
}